2019-02-01 21:20:49 +0100,79,count/min
2019-02-01 21:24:03 +0100,82,count/min
2019-02-01 21:27:42 +0100,71,count/min
2019-02-01 21:32:36 +0100,72,count/min
2019-02-01 21:42:08 +0100,90,count/min
2019-02-01 21:49:04 +0100,68,count/min
2019-02-01 21:56:10 +0100,63,count/min
2019-02-01 21:59:30 +0100,60,count/min
2019-02-01 22:07:01 +0100,64,count/min
2019-02-01 22:10:50 +0100,63,count/min
2019-02-01 22:16:41 +0100,61,count/min
2019-02-01 22:19:13 +0100,60,count/min
2019-02-01 22:23:13 +0100,59,count/min
2019-02-01 22:33:52 +0100,56,count/min
2019-02-01 22:41:05 +0100,57,count/min
2019-02-01 22:44:31 +0100,61,count/min
2019-02-01 22:47:31 +0100,64,count/min
2019-02-01 22:57:08 +0100,59,count/min
2019-02-01 23:01:53 +0100,64,count/min
2019-02-01 23:03:18 +0100,63,count/min
2019-02-01 23:07:28 +0100,62,count/min
2019-02-01 23:12:33 +0100,62,count/min
2019-02-01 23:17:43 +0100,61,count/min
2019-02-01 23:22:38 +0100,63,count/min
2019-02-01 23:30:20 +0100,60,count/min
2019-02-01 23:35:36 +0100,59,count/min
2019-02-01 23:39:02 +0100,60,count/min
2019-02-01 23:45:36 +0100,61,count/min
2019-02-01 23:47:30 +0100,59,count/min
2019-02-01 23:52:13 +0100,60,count/min
2019-02-01 23:57:18 +0100,59,count/min
2019-02-02 00:02:18 +0100,59,count/min
2019-02-02 00:07:58 +0100,59,count/min
2019-02-02 00:13:03 +0100,59,count/min
2019-02-02 00:17:23 +0100,58,count/min
2019-02-02 00:22:23 +0100,58,count/min
2019-02-02 00:27:33 +0100,59,count/min
2019-02-02 00:32:23 +0100,58,count/min
2019-02-02 00:38:43 +0100,57,count/min
2019-02-02 00:42:43 +0100,55,count/min
2019-02-02 00:47:58 +0100,54,count/min
2019-02-02 00:52:13 +0100,54,count/min
2019-02-02 00:57:38 +0100,53,count/min
2019-02-02 01:02:28 +0100,55,count/min
2019-02-02 01:08:43 +0100,55,count/min
2019-02-02 01:12:53 +0100,54,count/min
2019-02-02 01:17:48 +0100,52,count/min
2019-02-02 01:22:13 +0100,54,count/min
2019-02-02 01:27:13 +0100,56,count/min
2019-02-02 01:32:13 +0100,56,count/min
2019-02-02 01:38:04 +0100,54,count/min
2019-02-02 01:42:24 +0100,54,count/min
2019-02-02 01:48:09 +0100,53,count/min
2019-02-02 01:52:39 +0100,52,count/min
2019-02-02 01:58:01 +0100,51,count/min
2019-02-02 02:02:11 +0100,52,count/min
2019-02-02 02:09:21 +0100,50,count/min
2019-02-02 02:13:11 +0100,49,count/min
2019-02-02 02:18:11 +0100,49,count/min
2019-02-02 02:22:31 +0100,52,count/min
2019-02-02 02:28:18 +0100,51,count/min
2019-02-02 02:33:21 +0100,49,count/min
2019-02-02 02:37:31 +0100,50,count/min
2019-02-02 02:42:11 +0100,52,count/min
2019-02-02 02:47:31 +0100,53,count/min
2019-02-02 02:52:16 +0100,52,count/min
2019-02-02 02:57:51 +0100,52,count/min
2019-02-02 03:02:31 +0100,52,count/min
2019-02-02 03:08:16 +0100,52,count/min
2019-02-02 03:12:21 +0100,51,count/min
2019-02-02 03:18:31 +0100,50,count/min
2019-02-02 03:22:16 +0100,51,count/min
2019-02-02 03:27:16 +0100,50,count/min
2019-02-02 03:33:31 +0100,50,count/min
2019-02-02 03:38:31 +0100,50,count/min
2019-02-02 03:42:24 +0100,48,count/min
2019-02-02 03:47:11 +0100,50,count/min
2019-02-02 03:52:31 +0100,50,count/min
2019-02-02 03:59:06 +0100,49,count/min
2019-02-02 04:02:21 +0100,47,count/min
2019-02-02 04:07:36 +0100,49,count/min
2019-02-02 04:13:12 +0100,48,count/min
2019-02-02 04:17:11 +0100,50,count/min
2019-02-02 04:22:41 +0100,49,count/min
2019-02-02 04:27:21 +0100,50,count/min
2019-02-02 04:32:11 +0100,50,count/min
2019-02-02 04:37:26 +0100,51,count/min
2019-02-02 04:42:11 +0100,50,count/min
2019-02-02 04:47:11 +0100,49,count/min
2019-02-02 04:53:36 +0100,52,count/min
2019-02-02 04:58:11 +0100,51,count/min
2019-02-02 05:02:11 +0100,50,count/min
2019-02-02 05:07:46 +0100,49,count/min
2019-02-02 05:12:11 +0100,49,count/min
2019-02-02 05:17:11 +0100,49,count/min
2019-02-02 05:22:46 +0100,48,count/min
2019-02-02 05:27:46 +0100,47,count/min
2019-02-02 05:32:11 +0100,46,count/min
2019-02-02 05:37:13 +0100,47,count/min
2019-02-02 05:42:13 +0100,46,count/min
2019-02-02 05:52:03 +0100,48,count/min
2019-02-02 05:48:58 +0100,47,count/min
2019-02-02 05:53:20 +0100,48,count/min
2019-02-02 05:58:25 +0100,46,count/min
2019-02-02 06:03:45 +0100,50,count/min
2019-02-02 06:08:05 +0100,50,count/min
2019-02-02 06:12:10 +0100,49,count/min
2019-02-02 06:17:25 +0100,49,count/min
2019-02-02 06:22:30 +0100,49,count/min
2019-02-02 06:27:10 +0100,49,count/min
2019-02-02 06:32:10 +0100,48,count/min
2019-02-02 06:40:20 +0100,49,count/min
2019-02-02 06:42:40 +0100,52,count/min
2019-02-02 06:47:30 +0100,49,count/min
2019-02-02 06:52:16 +0100,50,count/min
2019-02-02 06:58:10 +0100,49,count/min
2019-02-02 07:03:50 +0100,50,count/min
2019-02-02 07:07:45 +0100,49,count/min
2019-02-02 07:12:10 +0100,50,count/min
2019-02-02 07:17:35 +0100,51,count/min
2019-02-02 07:22:40 +0100,51,count/min
2019-02-02 07:27:15 +0100,50,count/min
2019-02-02 07:32:15 +0100,49,count/min
2019-02-02 07:37:25 +0100,49,count/min
2019-02-02 07:42:15 +0100,48,count/min
2019-02-02 07:47:56 +0100,48,count/min
2019-02-02 07:53:46 +0100,48,count/min
2019-02-02 07:57:11 +0100,48,count/min
2019-02-02 08:02:56 +0100,48,count/min
2019-02-02 08:07:21 +0100,48,count/min
2019-02-02 08:12:11 +0100,49,count/min
2019-02-02 08:17:46 +0100,48,count/min
2019-02-02 08:22:51 +0100,49,count/min
2019-02-02 08:27:36 +0100,51,count/min
2019-02-02 08:33:47 +0100,54,count/min
2019-02-02 08:37:21 +0100,55,count/min
2019-02-02 08:44:56 +0100,56,count/min
2019-02-02 08:47:41 +0100,57,count/min
2019-02-02 08:52:31 +0100,57,count/min
2019-02-02 08:59:36 +0100,56,count/min
2019-02-02 09:02:26 +0100,54,count/min
2019-02-02 09:08:31 +0100,62,count/min
2019-02-02 09:12:14 +0100,57,count/min
2019-02-02 09:21:52 +0100,81,count/min
2019-02-02 09:25:01 +0100,79,count/min
2019-02-02 09:28:52 +0100,81,count/min
2019-02-02 09:36:09 +0100,93,count/min
2019-02-02 09:41:39 +0100,64,count/min
2019-02-02 09:44:51 +0100,78,count/min
2019-02-02 09:50:05 +0100,72,count/min
2019-02-02 10:06:48 +0100,91,count/min
2019-02-02 10:14:17 +0100,80,count/min
2019-02-02 10:24:04 +0100,97,count/min
2019-02-02 10:27:51 +0100,79,count/min
2019-02-02 10:36:26 +0100,84,count/min
2019-02-02 10:40:21 +0100,74,count/min
2019-02-02 10:42:41 +0100,67,count/min
2019-02-02 10:49:56 +0100,84,count/min
2019-02-02 10:55:16 +0100,78,count/min
2019-02-02 11:01:05 +0100,87,count/min
2019-02-02 11:04:20 +0100,79,count/min
2019-02-02 11:07:15 +0100,88,count/min
2019-02-02 11:40:35 +0100,97,count/min
2019-02-02 11:42:28 +0100,72,count/min
2019-02-02 12:30:31 +0100,81,count/min
2019-02-02 12:37:00 +0100,80,count/min
2019-02-02 12:38:07 +0100,82,count/min
2019-02-02 12:46:08 +0100,83,count/min
2019-02-02 12:50:16 +0100,80,count/min
2019-02-02 12:53:27 +0100,77,count/min
2019-02-02 12:57:31 +0100,77,count/min
2019-02-02 13:04:50 +0100,71,count/min
2019-02-02 13:10:51 +0100,55,count/min
2019-02-02 13:14:14 +0100,73,count/min
2019-02-02 13:23:02 +0100,61,count/min
2019-02-02 13:27:44 +0100,77,count/min
2019-02-02 13:36:47 +0100,70,count/min
2019-02-02 13:39:38 +0100,68,count/min
2019-02-02 13:44:04 +0100,68,count/min
2019-02-02 13:53:08 +0100,75,count/min
2019-02-02 15:20:15 +0100,77,count/min
2019-02-02 15:38:51 +0100,82,count/min
2019-02-02 16:06:45 +0100,78,count/min
2019-02-02 16:09:53 +0100,80,count/min
2019-02-02 16:26:34 +0100,64,count/min
2019-02-02 16:29:38 +0100,74,count/min
2019-02-02 16:36:51 +0100,78,count/min
2019-02-02 16:44:45 +0100,81,count/min
2019-02-02 16:53:53 +0100,76,count/min
2019-02-02 17:16:47 +0100,80,count/min
2019-02-02 17:21:39 +0100,74,count/min
2019-02-02 17:23:42 +0100,73,count/min
2019-02-02 17:27:59 +0100,74,count/min
2019-02-02 17:32:50 +0100,71,count/min
2019-02-02 17:47:04 +0100,89,count/min
2019-02-02 17:51:26 +0100,88,count/min
2019-02-02 17:40:09 +0100,79,count/min
2019-02-02 17:56:28 +0100,77,count/min
2019-02-02 18:00:31 +0100,83,count/min
2019-02-02 18:03:38 +0100,87,count/min
2019-02-02 18:14:56 +0100,84,count/min
2019-02-02 18:08:25 +0100,78,count/min
2019-02-02 18:22:02 +0100,78,count/min
2019-02-02 18:24:18 +0100,74,count/min
2019-02-02 18:29:21 +0100,80,count/min
2019-02-02 18:32:22 +0100,76,count/min
2019-02-02 18:37:28 +0100,82,count/min
2019-02-02 18:44:50 +0100,78,count/min
2019-02-02 19:05:45 +0100,75,count/min
2019-02-02 19:10:23 +0100,72,count/min
2019-02-02 19:16:55 +0100,74,count/min
2019-02-02 19:19:35 +0100,74,count/min
2019-02-02 19:23:03 +0100,73,count/min
2019-02-02 19:39:08 +0100,90,count/min
2019-02-02 19:29:54 +0100,79,count/min
2019-02-02 19:47:20 +0100,81,count/min
2019-02-02 20:06:20 +0100,76,count/min
2019-02-02 19:42:27 +0100,79,count/min
2019-02-02 20:09:55 +0100,74,count/min
2019-02-02 20:13:41 +0100,89,count/min
2019-02-02 20:21:51 +0100,66,count/min
2019-02-02 20:27:07 +0100,75,count/min
2019-02-02 20:29:37 +0100,74,count/min
2019-02-02 20:50:48 +0100,71,count/min
2019-02-02 20:56:03 +0100,70,count/min
2019-02-02 20:58:00 +0100,69,count/min
2019-02-02 21:02:10 +0100,69,count/min
2019-02-02 21:17:03 +0100,73,count/min
2019-02-02 21:30:49 +0100,72,count/min
2019-02-02 21:32:39 +0100,70,count/min
2019-02-02 21:41:06 +0100,69,count/min
2019-02-02 21:45:57 +0100,76,count/min
2019-02-02 21:47:24 +0100,66,count/min
2019-02-02 21:53:48 +0100,68,count/min
2019-02-02 21:59:54 +0100,66,count/min
2019-02-02 22:05:28 +0100,67,count/min
2019-02-02 22:09:48 +0100,81,count/min
2019-02-02 22:14:07 +0100,64,count/min
2019-02-02 22:20:06 +0100,72,count/min
2019-02-02 22:24:01 +0100,67,count/min
2019-02-02 22:27:29 +0100,67,count/min
2019-02-02 22:35:44 +0100,66,count/min
2019-02-02 22:37:51 +0100,67,count/min
2019-02-02 22:42:19 +0100,67,count/min
2019-02-02 22:47:17 +0100,65,count/min
2019-02-02 22:52:50 +0100,66,count/min
2019-02-02 22:57:27 +0100,66,count/min
2019-02-02 23:05:28 +0100,64,count/min
2019-02-02 23:08:52 +0100,65,count/min
2019-02-02 23:15:32 +0100,65,count/min
2019-02-02 23:18:38 +0100,66,count/min
2019-02-02 23:25:06 +0100,62,count/min
2019-02-02 23:28:54 +0100,62,count/min
2019-02-02 23:35:17 +0100,62,count/min
2019-02-02 23:37:44 +0100,65,count/min
2019-02-02 23:45:44 +0100,66,count/min
2019-02-02 23:49:59 +0100,65,count/min
2019-02-02 23:52:34 +0100,62,count/min
2019-02-03 00:01:34 +0100,59,count/min
2019-02-03 00:03:39 +0100,57,count/min
2019-02-03 00:07:44 +0100,55,count/min
2019-02-03 00:12:39 +0100,53,count/min
2019-02-03 00:17:19 +0100,53,count/min
2019-02-03 00:22:14 +0100,54,count/min
2019-02-03 00:27:29 +0100,54,count/min
2019-02-03 00:32:25 +0100,54,count/min
2019-02-03 00:37:15 +0100,54,count/min
2019-02-03 00:43:00 +0100,54,count/min
2019-02-03 00:47:10 +0100,55,count/min
2019-02-03 00:52:25 +0100,55,count/min
2019-02-03 00:57:10 +0100,56,count/min
2019-02-03 01:02:10 +0100,57,count/min
2019-02-03 01:07:15 +0100,57,count/min
2019-02-03 01:12:20 +0100,54,count/min
2019-02-03 01:18:20 +0100,55,count/min
2019-02-03 01:22:30 +0100,56,count/min
2019-02-03 01:27:25 +0100,55,count/min
2019-02-03 01:32:10 +0100,54,count/min
2019-02-03 01:37:32 +0100,54,count/min
2019-02-03 01:42:12 +0100,55,count/min
2019-02-03 01:47:27 +0100,53,count/min
2019-02-03 01:52:22 +0100,52,count/min
2019-02-03 01:57:14 +0100,50,count/min
2019-02-03 02:02:09 +0100,51,count/min
2019-02-03 02:07:44 +0100,51,count/min
2019-02-03 02:12:09 +0100,50,count/min
2019-02-03 02:17:09 +0100,49,count/min
2019-02-03 02:23:24 +0100,49,count/min
2019-02-03 02:27:44 +0100,50,count/min
2019-02-03 02:34:54 +0100,57,count/min
2019-02-03 02:37:09 +0100,55,count/min
2019-02-03 02:42:47 +0100,55,count/min
2019-02-03 02:47:22 +0100,55,count/min
2019-02-03 02:52:09 +0100,55,count/min
2019-02-03 02:57:09 +0100,55,count/min
2019-02-03 03:02:39 +0100,53,count/min
2019-02-03 03:07:39 +0100,54,count/min
2019-02-03 03:13:04 +0100,56,count/min
2019-02-03 03:18:30 +0100,57,count/min
2019-02-03 03:23:14 +0100,59,count/min
2019-02-03 03:27:24 +0100,56,count/min
2019-02-03 03:33:14 +0100,56,count/min
2019-02-03 03:37:24 +0100,55,count/min
2019-02-03 03:42:54 +0100,57,count/min
2019-02-03 03:47:44 +0100,59,count/min
2019-02-03 03:52:09 +0100,58,count/min
2019-02-03 03:57:24 +0100,56,count/min
2019-02-03 04:03:14 +0100,55,count/min
2019-02-03 04:08:21 +0100,55,count/min
2019-02-03 04:12:15 +0100,54,count/min
2019-02-03 04:18:14 +0100,54,count/min
2019-02-03 04:23:25 +0100,54,count/min
2019-02-03 04:27:50 +0100,52,count/min
2019-02-03 04:32:57 +0100,52,count/min
2019-02-03 04:37:30 +0100,53,count/min
2019-02-03 04:42:50 +0100,54,count/min
2019-02-03 04:48:15 +0100,54,count/min
2019-02-03 04:52:25 +0100,55,count/min
2019-02-03 04:57:15 +0100,54,count/min
2019-02-03 05:03:50 +0100,53,count/min
2019-02-03 05:08:50 +0100,53,count/min
2019-02-03 05:14:35 +0100,52,count/min
2019-02-03 05:17:10 +0100,53,count/min
2019-02-03 05:22:10 +0100,53,count/min
2019-02-03 05:29:40 +0100,56,count/min
2019-02-03 05:36:55 +0100,53.8947,count/min
2019-02-03 05:32:50 +0100,55,count/min
2019-02-03 05:38:42 +0100,53,count/min
2019-02-03 05:43:12 +0100,52,count/min
2019-02-03 05:47:17 +0100,54,count/min
2019-02-03 05:53:47 +0100,55,count/min
2019-02-03 05:57:42 +0100,52,count/min
2019-02-03 06:02:47 +0100,51,count/min
2019-02-03 06:07:26 +0100,51,count/min
2019-02-03 06:13:38 +0100,48,count/min
2019-02-03 06:18:11 +0100,47,count/min
2019-02-03 06:23:14 +0100,50,count/min
2019-02-03 06:28:13 +0100,48,count/min
2019-02-03 06:32:48 +0100,49,count/min
2019-02-03 06:37:18 +0100,49,count/min
2019-02-03 06:42:53 +0100,47,count/min
2019-02-03 06:47:13 +0100,50,count/min
2019-02-03 06:53:34 +0100,50,count/min
2019-02-03 06:57:13 +0100,51,count/min
2019-02-03 07:02:28 +0100,51,count/min
2019-02-03 07:07:23 +0100,52,count/min
2019-02-03 07:12:43 +0100,52,count/min
2019-02-03 07:17:33 +0100,48,count/min
2019-02-03 07:22:28 +0100,48,count/min
2019-02-03 07:28:57 +0100,53,count/min
2019-02-03 07:32:33 +0100,51,count/min
2019-02-03 07:38:30 +0100,48,count/min
2019-02-03 07:42:58 +0100,48,count/min
2019-02-03 07:47:32 +0100,48,count/min
2019-02-03 07:53:48 +0100,48,count/min
2019-02-03 07:57:53 +0100,47,count/min
2019-02-03 08:04:23 +0100,48,count/min
2019-02-03 08:08:08 +0100,48,count/min
2019-02-03 08:12:23 +0100,47,count/min
2019-02-03 08:17:28 +0100,47,count/min
2019-02-03 08:24:07 +0100,52,count/min
2019-02-03 08:27:45 +0100,54,count/min
2019-02-03 08:34:49 +0100,61,count/min
2019-02-03 08:39:08 +0100,63,count/min
2019-02-03 08:43:23 +0100,61,count/min
2019-02-03 08:51:48 +0100,56,count/min
2019-02-03 08:53:02 +0100,61,count/min
2019-02-03 09:01:17 +0100,59,count/min
2019-02-03 09:06:53 +0100,62,count/min
2019-02-03 09:11:09 +0100,60,count/min
2019-02-03 09:16:08 +0100,70,count/min
2019-02-03 09:18:11 +0100,63,count/min
2019-02-03 11:34:33 +0100,81,count/min
2019-02-03 11:40:51 +0100,79,count/min
2019-02-03 11:45:50 +0100,84,count/min
2019-02-03 11:51:26 +0100,69,count/min
2019-02-03 11:53:18 +0100,69,count/min
2019-02-03 11:57:26 +0100,70,count/min
2019-02-03 12:04:07 +0100,68,count/min
2019-02-03 12:09:19 +0100,74,count/min
2019-02-03 12:14:51 +0100,62.439,count/min
2019-02-03 12:15:57 +0100,63,count/min
2019-02-03 12:17:33 +0100,64,count/min
2019-02-03 12:22:31 +0100,62,count/min
2019-02-03 12:29:18 +0100,61,count/min
2019-02-03 12:35:32 +0100,63,count/min
2019-02-03 12:38:28 +0100,61,count/min
2019-02-03 12:45:19 +0100,63,count/min
2019-02-03 12:48:04 +0100,59,count/min
2019-02-03 12:53:54 +0100,58,count/min
2019-02-03 12:57:24 +0100,55,count/min
2019-02-03 13:03:29 +0100,60,count/min
2019-02-03 13:11:03 +0100,70,count/min
2019-02-03 13:14:00 +0100,64,count/min
2019-02-03 13:17:37 +0100,70,count/min
2019-02-03 13:27:09 +0100,70,count/min
2019-02-03 13:29:52 +0100,82,count/min
2019-02-05 14:29:23 +0100,98,count/min
2019-02-05 13:51:38 +0100,114,count/min
2019-02-05 13:42:32 +0100,83,count/min
2019-02-05 13:59:33 +0100,123,count/min
2019-02-03 13:33:30 +0100,69,count/min
2019-02-03 13:46:44 +0100,84,count/min
2019-02-03 13:52:55 +0100,90,count/min
2019-02-03 14:00:14 +0100,70,count/min
2019-02-03 14:02:48 +0100,74,count/min
2019-02-03 14:07:39 +0100,67,count/min
2019-02-03 14:16:51 +0100,67,count/min
2019-02-03 14:17:50 +0100,65,count/min
2019-02-03 14:17:57 +0100,66,count/min
2019-02-03 14:18:00 +0100,65,count/min
2019-02-03 14:18:05 +0100,65,count/min
2019-02-03 14:18:09 +0100,67,count/min
2019-02-03 14:18:55 +0100,73,count/min
2019-02-03 14:19:00 +0100,65,count/min
2019-02-03 14:19:01 +0100,66,count/min
2019-02-03 14:19:10 +0100,70,count/min
2019-02-03 14:19:11 +0100,69,count/min
2019-02-03 14:19:39 +0100,71,count/min
2019-02-03 14:19:44 +0100,69,count/min
2019-02-03 14:19:48 +0100,67,count/min
2019-02-03 14:19:54 +0100,69,count/min
2019-02-03 14:19:59 +0100,69,count/min
2019-02-03 14:20:30 +0100,68,count/min
2019-02-03 14:20:34 +0100,74,count/min
2019-02-03 14:20:37 +0100,72,count/min
2019-02-03 14:20:44 +0100,70,count/min
2019-02-03 14:20:48 +0100,70,count/min
2019-02-03 14:21:16 +0100,67,count/min
2019-02-03 14:21:19 +0100,67,count/min
2019-02-03 14:21:26 +0100,67,count/min
2019-02-03 14:21:27 +0100,68,count/min
2019-02-03 14:21:53 +0100,140,count/min
2019-02-03 14:22:02 +0100,74,count/min
2019-02-03 14:22:06 +0100,74,count/min
2019-02-03 14:22:07 +0100,73,count/min
2019-02-03 14:22:16 +0100,72,count/min
2019-02-03 14:22:46 +0100,59,count/min
2019-02-03 14:22:47 +0100,59,count/min
2019-02-03 14:22:55 +0100,67,count/min
2019-02-03 14:22:59 +0100,67,count/min
2019-02-03 14:23:49 +0100,79,count/min
2019-02-03 14:23:54 +0100,75,count/min
2019-02-03 14:23:59 +0100,71,count/min
2019-02-03 14:24:03 +0100,72,count/min
2019-02-03 14:24:06 +0100,72,count/min
2019-02-03 14:24:31 +0100,68,count/min
2019-02-03 14:24:33 +0100,68,count/min
2019-02-03 14:30:19 +0100,72,count/min
2019-02-03 14:34:33 +0100,68,count/min
2019-02-03 14:41:51 +0100,73,count/min
2019-02-03 14:43:08 +0100,74,count/min
2019-02-03 14:49:52 +0100,71,count/min
2019-02-03 14:52:21 +0100,70,count/min
2019-02-03 14:59:24 +0100,75,count/min
2019-02-03 15:03:05 +0100,72,count/min
2019-02-03 15:07:35 +0100,75,count/min
2019-02-03 15:15:26 +0100,72,count/min
2019-02-03 15:21:10 +0100,77,count/min
2019-02-03 15:23:12 +0100,77,count/min
2019-02-03 15:28:57 +0100,76,count/min
2019-02-03 15:33:18 +0100,78,count/min
2019-02-03 15:38:21 +0100,78,count/min
2019-02-03 15:45:29 +0100,79,count/min
2019-02-03 15:47:34 +0100,79,count/min
2019-02-03 15:55:46 +0100,79,count/min
2019-02-03 15:59:22 +0100,80,count/min
2019-02-03 16:03:20 +0100,80,count/min
2019-02-03 16:10:18 +0100,86,count/min
2019-02-03 16:16:10 +0100,83,count/min
2019-02-03 16:17:22 +0100,85,count/min
2019-02-03 16:25:52 +0100,84,count/min
2019-02-03 16:27:16 +0100,81,count/min
2019-02-03 16:32:16 +0100,79,count/min
2019-02-03 16:44:19 +0100,94,count/min
2019-02-03 16:54:15 +0100,71,count/min
2019-02-03 16:58:50 +0100,75,count/min
2019-02-03 17:04:31 +0100,94,count/min
2019-02-03 17:08:53 +0100,79,count/min
2019-02-03 17:13:46 +0100,75,count/min
2019-02-03 17:17:14 +0100,74,count/min
2019-02-03 17:24:30 +0100,73,count/min
2019-02-03 17:30:33 +0100,78,count/min
2019-02-03 17:33:23 +0100,83,count/min
2019-02-03 17:37:26 +0100,86,count/min
2019-02-03 17:45:32 +0100,87,count/min
2019-02-03 17:52:08 +0100,102,count/min
2019-02-03 17:54:52 +0100,90,count/min
2019-02-03 18:05:35 +0100,93,count/min
2019-02-03 18:10:20 +0100,83,count/min
2019-02-03 18:15:55 +0100,96,count/min
2019-02-03 18:18:48 +0100,93,count/min
2019-02-03 18:26:56 +0100,89,count/min
2019-02-03 18:32:01 +0100,81,count/min
2019-02-03 18:35:10 +0100,77,count/min
2019-02-03 18:42:07 +0100,80,count/min
2019-02-03 18:44:04 +0100,72,count/min
2019-02-03 18:50:03 +0100,71,count/min
2019-02-03 18:56:18 +0100,68,count/min
2019-02-03 19:00:34 +0100,70,count/min
2019-02-03 19:03:46 +0100,74,count/min
2019-02-03 19:09:58 +0100,76,count/min
2019-02-03 19:14:25 +0100,78,count/min
2019-02-03 19:18:39 +0100,73,count/min
2019-02-03 19:25:26 +0100,74,count/min
2019-02-03 19:30:13 +0100,70,count/min
2019-02-03 19:33:18 +0100,71,count/min
2019-02-03 19:37:44 +0100,72,count/min
2019-02-03 19:42:42 +0100,70,count/min
2019-02-03 19:47:32 +0100,69,count/min
2019-02-03 19:52:13 +0100,69,count/min
2019-02-03 19:57:12 +0100,69,count/min
2019-02-03 20:04:13 +0100,68,count/min
2019-02-03 20:10:07 +0100,71,count/min
2019-02-03 20:13:58 +0100,71,count/min
2019-02-03 20:34:13 +0100,86,count/min
2019-02-03 20:41:25 +0100,77,count/min
2019-02-03 21:00:47 +0100,79,count/min
2019-02-03 21:07:02 +0100,79,count/min
2019-02-03 21:10:21 +0100,75,count/min
2019-02-03 21:17:01 +0100,74,count/min
2019-02-03 21:19:15 +0100,71,count/min
2019-02-03 21:23:43 +0100,75,count/min
2019-02-03 21:31:14 +0100,71,count/min
2019-02-03 21:33:09 +0100,70,count/min
2019-02-03 21:41:25 +0100,70,count/min
2019-02-03 21:45:00 +0100,65,count/min
2019-02-03 21:48:29 +0100,62,count/min
2019-02-03 21:52:15 +0100,61,count/min
2019-02-03 21:57:25 +0100,65,count/min
2019-02-03 22:02:47 +0100,61,count/min
2019-02-03 22:08:57 +0100,63,count/min
2019-02-03 22:12:47 +0100,64,count/min
2019-02-03 22:18:02 +0100,65,count/min
2019-02-03 22:23:12 +0100,66,count/min
2019-02-03 22:28:57 +0100,66,count/min
2019-02-03 22:32:22 +0100,65,count/min
2019-02-03 22:37:12 +0100,66,count/min
2019-02-03 22:42:42 +0100,66,count/min
2019-02-03 22:47:27 +0100,65,count/min
2019-02-03 22:52:12 +0100,66,count/min
2019-02-03 22:57:12 +0100,66,count/min
2019-02-03 23:02:47 +0100,65,count/min
2019-02-03 23:07:47 +0100,65,count/min
2019-02-03 23:12:12 +0100,64,count/min
2019-02-03 23:17:37 +0100,64,count/min
2019-02-03 23:22:12 +0100,64,count/min
2019-02-03 23:27:12 +0100,64,count/min
2019-02-03 23:32:27 +0100,64,count/min
2019-02-03 23:37:47 +0100,62,count/min
2019-02-03 23:43:00 +0100,63,count/min
2019-02-03 23:48:17 +0100,65,count/min
2019-02-03 23:53:22 +0100,66,count/min
2019-02-03 23:57:12 +0100,65,count/min
2019-02-04 00:02:17 +0100,65,count/min
2019-02-04 00:08:57 +0100,65,count/min
2019-02-04 00:12:12 +0100,64,count/min
2019-02-04 00:17:12 +0100,64,count/min
2019-02-04 00:22:12 +0100,63,count/min
2019-02-04 00:28:27 +0100,71,count/min
2019-02-04 00:37:08 +0100,69,count/min
2019-02-04 00:39:07 +0100,66,count/min
2019-02-04 00:43:27 +0100,66,count/min
2019-02-04 00:47:22 +0100,65,count/min
2019-02-04 00:52:27 +0100,64,count/min
2019-02-04 00:57:27 +0100,64,count/min
2019-02-04 01:02:50 +0100,63,count/min
2019-02-04 01:07:32 +0100,64,count/min
2019-02-04 01:12:27 +0100,64,count/min
2019-02-04 01:17:32 +0100,65,count/min
2019-02-04 01:22:12 +0100,66,count/min
2019-02-04 01:27:22 +0100,65,count/min
2019-02-04 01:32:12 +0100,65,count/min
2019-02-04 01:38:39 +0100,62,count/min
2019-02-04 01:42:09 +0100,65,count/min
2019-02-04 01:47:54 +0100,63,count/min
2019-02-04 01:52:41 +0100,64,count/min
2019-02-04 01:57:16 +0100,61,count/min
2019-02-04 02:03:41 +0100,62,count/min
2019-02-04 02:07:31 +0100,62,count/min
2019-02-04 02:13:51 +0100,60,count/min
2019-02-04 02:17:31 +0100,61,count/min
2019-02-04 02:22:41 +0100,61,count/min
2019-02-04 02:27:21 +0100,61,count/min
2019-02-04 02:32:27 +0100,61,count/min
2019-02-04 02:37:11 +0100,61,count/min
2019-02-04 02:42:29 +0100,61,count/min
2019-02-04 02:48:01 +0100,60,count/min
2019-02-04 02:52:27 +0100,60,count/min
2019-02-04 02:57:11 +0100,60,count/min
2019-02-04 03:02:30 +0100,60,count/min
2019-02-04 03:08:05 +0100,58,count/min
2019-02-04 03:12:36 +0100,56,count/min
2019-02-04 03:17:11 +0100,57,count/min
2019-02-04 03:23:36 +0100,59,count/min
2019-02-04 03:27:16 +0100,59,count/min
2019-02-04 03:32:46 +0100,59,count/min
2019-02-04 03:37:26 +0100,58,count/min
2019-02-04 03:42:51 +0100,58,count/min
2019-02-04 03:47:26 +0100,58,count/min
2019-02-04 03:52:41 +0100,58,count/min
2019-02-04 03:57:21 +0100,57,count/min
2019-02-04 04:02:36 +0100,56,count/min
2019-02-04 04:10:36 +0100,55,count/min
2019-02-04 04:13:26 +0100,53,count/min
2019-02-04 04:18:21 +0100,57,count/min
2019-02-04 04:22:30 +0100,55,count/min
2019-02-04 04:27:31 +0100,57,count/min
2019-02-04 04:32:16 +0100,57,count/min
2019-02-04 04:37:16 +0100,56,count/min
2019-02-04 04:42:51 +0100,57,count/min
2019-02-04 04:47:11 +0100,57,count/min
2019-02-04 04:52:31 +0100,57,count/min
2019-02-04 04:57:26 +0100,56,count/min
2019-02-04 05:02:16 +0100,55,count/min
2019-02-04 05:08:21 +0100,54,count/min
2019-02-04 05:12:36 +0100,53,count/min
2019-02-04 05:17:31 +0100,52,count/min
2019-02-04 05:22:56 +0100,49,count/min
2019-02-04 05:27:40 +0100,50,count/min
2019-02-04 05:32:12 +0100,51,count/min
2019-02-04 05:37:44 +0100,52,count/min
2019-02-04 05:43:19 +0100,53,count/min
2019-02-04 05:48:34 +0100,54,count/min
2019-02-04 05:52:29 +0100,51.8919,count/min
2019-02-04 05:53:35 +0100,53,count/min
2019-02-04 05:57:15 +0100,52,count/min
2019-02-04 06:02:25 +0100,52,count/min
2019-02-04 06:07:10 +0100,53,count/min
2019-02-04 06:12:10 +0100,55,count/min
2019-02-04 06:19:15 +0100,55,count/min
2019-02-04 06:22:10 +0100,56,count/min
2019-02-04 06:27:15 +0100,54,count/min
2019-02-04 06:32:15 +0100,54,count/min
2019-02-04 06:37:40 +0100,54,count/min
2019-02-04 06:42:10 +0100,53,count/min
2019-02-04 06:47:10 +0100,53,count/min
2019-02-04 06:54:35 +0100,52,count/min
2019-02-04 06:57:20 +0100,51,count/min
2019-02-04 07:02:15 +0100,50,count/min
2019-02-04 07:08:20 +0100,52,count/min
2019-02-04 07:12:10 +0100,52,count/min
2019-02-04 07:17:15 +0100,49,count/min
2019-02-04 07:22:35 +0100,52,count/min
2019-02-04 07:27:41 +0100,51,count/min
2019-02-04 07:32:21 +0100,51,count/min
2019-02-04 07:38:06 +0100,55,count/min
2019-02-04 07:43:11 +0100,53,count/min
2019-02-04 07:47:11 +0100,53,count/min
2019-02-04 07:53:31 +0100,54,count/min
2019-02-04 07:58:01 +0100,54,count/min
2019-02-04 08:03:26 +0100,56,count/min
2019-02-04 08:07:11 +0100,54,count/min
2019-02-04 08:12:26 +0100,55,count/min
2019-02-04 08:20:29 +0100,64,count/min
2019-02-04 08:23:01 +0100,61,count/min
2019-02-04 08:28:46 +0100,64,count/min
2019-02-04 08:32:31 +0100,58,count/min
2019-02-04 08:37:11 +0100,63,count/min
2019-02-04 08:42:34 +0100,61,count/min
2019-02-04 08:48:16 +0100,64,count/min
2019-02-04 08:55:14 +0100,63,count/min
2019-02-04 08:58:17 +0100,63,count/min
2019-02-04 09:26:21 +0100,71,count/min
2019-02-04 09:48:06 +0100,121,count/min
2019-02-04 09:44:51 +0100,73,count/min
2019-02-04 09:50:54 +0100,91,count/min
2019-02-04 10:08:27 +0100,103,count/min
2019-02-04 10:05:55 +0100,79,count/min
2019-02-04 10:11:02 +0100,82,count/min
2019-02-04 10:14:46 +0100,86,count/min
2019-02-04 10:17:30 +0100,81,count/min
2019-02-04 10:23:54 +0100,73,count/min
2019-02-04 10:31:04 +0100,85,count/min
2019-02-04 10:35:40 +0100,87,count/min
2019-02-04 10:42:32 +0100,92,count/min
2019-02-04 10:45:29 +0100,85,count/min
2019-02-04 10:37:39 +0100,80,count/min
2019-02-04 10:51:48 +0100,91,count/min
2019-02-04 10:53:09 +0100,87,count/min
2019-02-04 11:00:59 +0100,82,count/min
2019-02-04 11:04:39 +0100,91,count/min
2019-02-04 11:08:16 +0100,81,count/min
2019-02-04 11:14:40 +0100,71,count/min
2019-02-04 11:19:23 +0100,76,count/min
2019-02-04 11:23:46 +0100,73,count/min
2019-02-04 11:28:50 +0100,73,count/min
2019-02-04 11:36:46 +0100,77,count/min
2019-02-04 11:38:04 +0100,78,count/min
2019-02-04 11:42:30 +0100,89,count/min
2019-02-04 11:50:08 +0100,95,count/min
2019-02-04 12:03:37 +0100,87,count/min
2019-02-04 12:11:47 +0100,78,count/min
2019-02-04 12:18:37 +0100,86,count/min
2019-02-04 12:25:50 +0100,80,count/min
2019-02-04 12:40:53 +0100,87,count/min
2019-02-04 12:43:08 +0100,87,count/min
2019-02-04 12:52:09 +0100,77,count/min
2019-02-04 12:59:14 +0100,85,count/min
2019-02-04 13:12:37 +0100,87,count/min
2019-02-04 13:39:42 +0100,79,count/min
2019-02-04 13:42:59 +0100,78,count/min
2019-02-04 13:47:58 +0100,91,count/min
2019-02-04 13:56:38 +0100,75,count/min
2019-02-04 14:00:44 +0100,79,count/min
2019-02-04 14:07:02 +0100,84,count/min
2019-02-04 14:11:00 +0100,89,count/min
2019-02-04 14:15:16 +0100,75,count/min
2019-02-04 14:17:58 +0100,77,count/min
2019-02-04 14:25:13 +0100,80,count/min
2019-02-04 14:30:45 +0100,76,count/min
2019-02-04 14:35:44 +0100,76,count/min
2019-02-04 14:39:36 +0100,83,count/min
2019-02-04 14:46:09 +0100,83,count/min
2019-02-04 14:48:05 +0100,81,count/min
2019-02-04 14:55:21 +0100,79,count/min
2019-02-04 14:58:13 +0100,66,count/min
2019-02-04 15:02:35 +0100,81,count/min
2019-02-04 15:15:37 +0100,63,count/min
2019-02-04 15:20:49 +0100,72,count/min
2019-02-04 15:24:14 +0100,83,count/min
2019-02-04 15:29:44 +0100,82,count/min
2019-02-04 15:35:50 +0100,80,count/min
2019-02-04 15:39:31 +0100,79,count/min
2019-02-04 15:46:36 +0100,77,count/min
2019-02-04 15:49:48 +0100,74,count/min
2019-02-04 15:52:41 +0100,73,count/min
2019-02-04 16:01:24 +0100,74,count/min
2019-02-04 16:05:31 +0100,74,count/min
2019-02-04 16:07:28 +0100,72,count/min
2019-02-04 16:13:06 +0100,75,count/min
2019-02-04 16:18:06 +0100,70,count/min
2019-02-04 16:23:55 +0100,66,count/min
2019-02-04 16:30:43 +0100,69,count/min
2019-02-04 16:32:11 +0100,62,count/min
2019-02-04 16:38:09 +0100,61,count/min
2019-02-04 16:43:49 +0100,60,count/min
2019-02-04 16:47:11 +0100,60,count/min
2019-02-04 16:55:06 +0100,69,count/min
2019-02-04 16:59:46 +0100,68,count/min
2019-02-04 17:02:16 +0100,69,count/min
2019-02-04 17:07:16 +0100,67,count/min
2019-02-04 17:12:34 +0100,64,count/min
2019-02-04 17:17:30 +0100,68,count/min
2019-02-04 17:17:35 +0100,69,count/min
2019-02-04 17:17:38 +0100,69,count/min
2019-02-04 17:17:41 +0100,70,count/min
2019-02-04 17:18:08 +0100,65,count/min
2019-02-04 17:22:46 +0100,63,count/min
2019-02-04 17:30:51 +0100,66,count/min
2019-02-04 17:36:16 +0100,61,count/min
2019-02-04 17:39:00 +0100,63,count/min
2019-02-04 17:45:08 +0100,69,count/min
2019-02-04 17:51:38 +0100,78,count/min
2019-02-04 17:53:51 +0100,73,count/min
2019-02-04 17:59:25 +0100,85,count/min
2019-02-04 18:05:36 +0100,80,count/min
2019-02-04 18:11:14 +0100,67,count/min
2019-02-04 18:16:20 +0100,70,count/min
2019-02-04 18:19:03 +0100,68,count/min
2019-02-04 18:29:43 +0100,75,count/min
2019-02-04 18:56:20 +0100,67,count/min
2019-02-04 19:07:03 +0100,60,count/min
2019-02-04 19:08:51 +0100,70,count/min
2019-02-04 19:20:06 +0100,81,count/min
2019-02-04 19:25:18 +0100,75,count/min
2019-02-04 19:27:39 +0100,85,count/min
2019-02-04 19:32:44 +0100,76,count/min
2019-02-04 19:48:39 +0100,73,count/min
2019-02-04 20:11:03 +0100,72,count/min
2019-02-04 20:14:57 +0100,67,count/min
2019-02-04 20:18:29 +0100,71,count/min
2019-02-04 20:25:06 +0100,65,count/min
2019-02-04 23:02:55 +0100,63.2099,count/min
2019-02-04 23:05:42 +0100,64,count/min
2019-02-04 23:07:57 +0100,64,count/min
2019-02-04 23:12:12 +0100,62,count/min
2019-02-04 23:18:12 +0100,61,count/min
2019-02-04 23:22:32 +0100,64,count/min
2019-02-04 23:27:34 +0100,68,count/min
2019-02-04 23:34:37 +0100,64,count/min
2019-02-04 23:37:12 +0100,62,count/min
2019-02-04 23:42:12 +0100,62,count/min
2019-02-04 23:49:02 +0100,62,count/min
2019-02-04 23:52:22 +0100,59,count/min
2019-02-04 23:57:12 +0100,59,count/min
2019-02-05 00:02:12 +0100,60,count/min
2019-02-05 00:07:25 +0100,59,count/min
2019-02-05 00:12:12 +0100,59,count/min
2019-02-05 00:17:12 +0100,59,count/min
2019-02-05 00:26:22 +0100,61,count/min
2019-02-05 00:27:27 +0100,60,count/min
2019-02-05 00:32:27 +0100,59,count/min
2019-02-05 00:37:27 +0100,59,count/min
2019-02-05 00:44:22 +0100,61,count/min
2019-02-05 00:48:12 +0100,57,count/min
2019-02-05 00:52:17 +0100,57,count/min
2019-02-05 00:57:12 +0100,56,count/min
2019-02-05 01:02:37 +0100,55,count/min
2019-02-05 01:07:22 +0100,55,count/min
2019-02-05 01:12:37 +0100,55,count/min
2019-02-05 01:17:37 +0100,54,count/min
2019-02-05 01:22:12 +0100,55,count/min
2019-02-05 01:27:17 +0100,55,count/min
2019-02-05 01:32:22 +0100,54,count/min
2019-02-05 01:37:17 +0100,54.4681,count/min
2019-02-05 01:38:40 +0100,55,count/min
2019-02-05 01:42:09 +0100,54,count/min
2019-02-05 01:49:29 +0100,54,count/min
2019-02-05 01:52:55 +0100,54,count/min
2019-02-05 01:57:47 +0100,54,count/min
2019-02-05 02:03:14 +0100,56,count/min
2019-02-05 02:07:19 +0100,56,count/min
2019-02-05 02:14:24 +0100,57,count/min
2019-02-05 02:17:09 +0100,57,count/min
2019-02-05 02:22:19 +0100,56,count/min
2019-02-05 02:27:24 +0100,56,count/min
2019-02-05 02:33:09 +0100,56,count/min
2019-02-05 02:37:34 +0100,57,count/min
2019-02-05 02:43:09 +0100,57,count/min
2019-02-05 02:47:09 +0100,57,count/min
2019-02-05 02:52:39 +0100,57,count/min
2019-02-05 02:57:09 +0100,57,count/min
2019-02-05 03:02:29 +0100,57,count/min
2019-02-05 03:07:09 +0100,57,count/min
2019-02-05 03:12:25 +0100,58,count/min
2019-02-05 03:17:29 +0100,57,count/min
2019-02-05 03:25:09 +0100,61,count/min
2019-02-05 03:30:33 +0100,62,count/min
2019-02-05 03:32:19 +0100,62,count/min
2019-02-05 03:37:59 +0100,62,count/min
2019-02-05 03:42:09 +0100,61,count/min
2019-02-05 03:47:09 +0100,61,count/min
2019-02-05 03:52:24 +0100,61,count/min
2019-02-05 03:57:24 +0100,60,count/min
2019-02-05 04:03:04 +0100,60,count/min
2019-02-05 04:07:34 +0100,61,count/min
2019-02-05 04:12:14 +0100,62,count/min
2019-02-05 04:17:19 +0100,62,count/min
2019-02-05 04:22:34 +0100,62,count/min
2019-02-05 04:27:09 +0100,62,count/min
2019-02-05 04:32:29 +0100,61,count/min
2019-02-05 04:37:44 +0100,61,count/min
2019-02-05 04:42:09 +0100,61,count/min
2019-02-05 04:47:24 +0100,62,count/min
2019-02-05 04:54:14 +0100,61,count/min
2019-02-05 04:57:19 +0100,59,count/min
2019-02-05 05:02:39 +0100,60,count/min
2019-02-05 05:07:14 +0100,58,count/min
2019-02-05 05:13:20 +0100,59,count/min
2019-02-05 05:17:45 +0100,60,count/min
2019-02-05 05:22:15 +0100,59,count/min
2019-02-05 05:27:50 +0100,60,count/min
2019-02-05 05:32:40 +0100,58,count/min
2019-02-05 05:37:19 +0100,59,count/min
2019-02-05 05:45:36 +0100,64,count/min
2019-02-05 05:53:02 +0100,86,count/min
2019-02-05 05:58:52 +0100,104,count/min
2019-02-05 05:48:20 +0100,96,count/min
2019-02-05 06:01:48 +0100,55,count/min
2019-02-05 06:19:25 +0100,61,count/min
2019-02-05 06:26:52 +0100,66,count/min
2019-02-05 06:43:38 +0100,74,count/min
2019-02-05 06:53:13 +0100,70,count/min
2019-02-05 07:26:39 +0100,90,count/min
2019-02-05 07:13:57 +0100,76,count/min
2019-02-05 07:27:01 +0100,83,count/min
2019-02-05 07:28:20 +0100,72,count/min
2019-02-05 09:15:28 +0100,81,count/min
2019-02-05 09:23:57 +0100,78,count/min
2019-02-05 09:28:04 +0100,76,count/min
2019-02-05 09:35:56 +0100,77,count/min
2019-02-05 09:37:32 +0100,68,count/min
2019-02-05 09:45:14 +0100,77,count/min
2019-02-05 09:48:43 +0100,82,count/min
2019-02-05 09:56:05 +0100,82,count/min
2019-02-05 10:03:20 +0100,98,count/min
2019-02-05 09:57:51 +0100,87,count/min
2019-02-05 10:05:50 +0100,89,count/min
2019-02-05 10:08:09 +0100,89,count/min
2019-02-05 10:15:23 +0100,81,count/min
2019-02-05 10:28:53 +0100,117,count/min
2019-02-05 10:18:11 +0100,84,count/min
2019-02-05 10:31:33 +0100,106,count/min
2019-02-05 10:36:27 +0100,99,count/min
2019-02-05 10:46:02 +0100,89,count/min
2019-02-05 10:50:33 +0100,93,count/min
2019-02-05 10:54:04 +0100,95,count/min
2019-02-05 11:01:24 +0100,90,count/min
2019-02-05 11:02:47 +0100,87,count/min
2019-02-05 11:10:45 +0100,86,count/min
2019-02-05 11:15:28 +0100,87,count/min
2019-02-05 11:18:57 +0100,86,count/min
2019-02-05 11:23:31 +0100,95,count/min
2019-02-05 11:28:19 +0100,85,count/min
2019-02-05 11:36:46 +0100,93,count/min
2019-02-05 11:40:46 +0100,84,count/min
2019-02-05 11:42:12 +0100,82,count/min
2019-02-05 11:47:11 +0100,81,count/min
2019-02-05 11:53:56 +0100,80,count/min
2019-02-05 12:01:37 +0100,79,count/min
2019-02-05 12:06:26 +0100,79,count/min
2019-02-05 12:07:35 +0100,76,count/min
2019-02-05 12:12:27 +0100,77,count/min
2019-02-05 12:21:21 +0100,77,count/min
2019-02-05 12:27:31 +0100,78,count/min
2019-02-05 12:36:26 +0100,76,count/min
2019-02-05 12:37:57 +0100,75,count/min
2019-02-05 12:43:26 +0100,73,count/min
2019-02-05 12:48:26 +0100,70,count/min
2019-02-05 12:55:26 +0100,67,count/min
2019-02-05 12:57:16 +0100,66,count/min
2019-02-05 13:02:35 +0100,64,count/min
2019-02-05 13:08:05 +0100,62,count/min
2019-02-05 13:13:30 +0100,71,count/min
2019-02-05 13:17:26 +0100,70,count/min
2019-02-05 13:24:37 +0100,78,count/min
2019-02-05 13:31:02 +0100,88,count/min
2019-02-05 13:35:57 +0100,93,count/min
2019-02-05 13:37:32 +0100,93,count/min
2019-02-05 14:05:27 +0100,106,count/min
2019-02-05 14:11:02 +0100,100,count/min
2019-02-05 14:16:00 +0100,99,count/min
2019-02-05 14:21:11 +0100,88,count/min
2019-02-05 14:23:37 +0100,98,count/min
2019-02-05 14:40:22 +0100,89,count/min
2019-02-05 15:03:35 +0100,103,count/min
2019-02-05 15:10:29 +0100,101,count/min
2019-02-05 15:18:42 +0100,111,count/min
2019-02-05 15:25:30 +0100,108,count/min
2019-02-05 15:32:07 +0100,99,count/min
2019-02-05 15:45:41 +0100,103,count/min
2019-02-05 15:48:42 +0100,102,count/min
2019-02-05 15:53:47 +0100,97,count/min
2019-02-05 15:59:29 +0100,105,count/min
2019-02-05 16:04:48 +0100,99,count/min
2019-02-05 16:10:58 +0100,94,count/min
2019-02-05 16:13:58 +0100,92,count/min
2019-02-05 16:17:56 +0100,95,count/min
2019-02-05 16:22:19 +0100,95,count/min
2019-02-05 16:28:09 +0100,96,count/min
2019-02-05 16:36:33 +0100,93,count/min
2019-02-05 16:38:06 +0100,97,count/min
2019-02-05 16:43:34 +0100,85,count/min
2019-02-05 16:48:24 +0100,99,count/min
2019-02-05 16:55:40 +0100,89,count/min
2019-02-05 16:59:53 +0100,69,count/min
2019-02-05 17:03:13 +0100,96,count/min
2019-02-05 17:08:50 +0100,106,count/min
2019-02-05 17:14:13 +0100,95,count/min
2019-02-05 17:17:33 +0100,92,count/min
2019-02-05 17:24:49 +0100,89,count/min
2019-02-05 17:28:57 +0100,82,count/min
2019-02-05 17:34:00 +0100,83,count/min
2019-02-05 17:44:02 +0100,62,count/min
2019-02-05 18:43:19 +0100,93,count/min
2019-02-05 18:53:20 +0100,90,count/min
2019-02-05 19:01:22 +0100,87,count/min
2019-02-05 19:02:56 +0100,87,count/min
2019-02-05 19:17:53 +0100,77,count/min
2019-02-05 19:24:58 +0100,72,count/min
2019-02-05 19:27:13 +0100,75,count/min
2019-02-05 19:36:28 +0100,80,count/min
2019-02-05 19:38:57 +0100,89,count/min
2019-02-05 19:43:21 +0100,86,count/min
2019-02-05 19:47:54 +0100,84,count/min
2019-02-05 19:54:29 +0100,86,count/min
2019-02-05 19:57:33 +0100,90,count/min
2019-02-05 20:02:39 +0100,79,count/min
2019-02-05 20:10:03 +0100,85,count/min
2019-02-05 20:16:09 +0100,84,count/min
2019-02-05 20:21:39 +0100,86,count/min
2019-02-05 20:24:53 +0100,86,count/min
2019-02-05 20:30:27 +0100,86,count/min
2019-02-05 20:34:41 +0100,85,count/min
2019-02-05 20:37:14 +0100,83,count/min
2019-02-05 20:43:51 +0100,87,count/min
2019-02-06 00:15:34 +0100,74,count/min
2019-02-06 00:20:50 +0100,69,count/min
2019-02-06 00:22:25 +0100,68,count/min
2019-02-06 00:27:10 +0100,69,count/min
2019-02-06 00:32:20 +0100,70,count/min
2019-02-06 00:37:17 +0100,70,count/min
2019-02-06 00:42:17 +0100,69,count/min
2019-02-06 00:47:17 +0100,69,count/min
2019-02-06 00:52:12 +0100,69,count/min
2019-02-06 00:57:12 +0100,68,count/min
2019-02-06 01:02:56 +0100,68,count/min
2019-02-06 01:07:12 +0100,67,count/min
2019-02-06 01:14:07 +0100,65,count/min
2019-02-06 01:17:12 +0100,66,count/min
2019-02-06 01:22:12 +0100,65,count/min
2019-02-06 01:27:34 +0100,66,count/min
2019-02-06 01:32:22 +0100,66,count/min
2019-02-06 01:37:29 +0100,66,count/min
2019-02-06 01:42:49 +0100,63,count/min
2019-02-06 01:47:09 +0100,61,count/min
2019-02-06 01:52:36 +0100,60,count/min
2019-02-06 01:57:16 +0100,60,count/min
2019-02-06 02:03:56 +0100,59,count/min
2019-02-06 02:07:11 +0100,60,count/min
2019-02-06 02:12:46 +0100,59,count/min
2019-02-06 02:17:21 +0100,58,count/min
2019-02-06 02:22:53 +0100,58,count/min
2019-02-06 02:27:11 +0100,59,count/min
2019-02-06 02:32:11 +0100,59,count/min
2019-02-06 02:37:11 +0100,61,count/min
2019-02-06 02:43:06 +0100,61,count/min
2019-02-06 02:47:11 +0100,61,count/min
2019-02-06 02:52:26 +0100,60,count/min
2019-02-06 02:57:16 +0100,60,count/min
2019-02-06 03:02:11 +0100,59,count/min
2019-02-06 03:07:31 +0100,58,count/min
2019-02-06 03:12:11 +0100,59,count/min
2019-02-06 03:18:21 +0100,58,count/min
2019-02-06 03:22:16 +0100,58,count/min
2019-02-06 03:27:11 +0100,59,count/min
2019-02-06 03:32:16 +0100,62,count/min
2019-02-06 03:37:11 +0100,60,count/min
2019-02-06 03:44:31 +0100,60,count/min
2019-02-06 03:48:14 +0100,65,count/min
2019-02-06 03:52:21 +0100,65,count/min
2019-02-06 03:57:36 +0100,64,count/min
2019-02-06 04:02:26 +0100,63,count/min
2019-02-06 04:08:06 +0100,60,count/min
2019-02-06 04:13:51 +0100,61,count/min
2019-02-06 04:18:16 +0100,60,count/min
2019-02-06 04:22:11 +0100,60,count/min
2019-02-06 04:27:31 +0100,60,count/min
2019-02-06 04:32:21 +0100,63,count/min
2019-02-06 04:37:36 +0100,63,count/min
2019-02-06 04:45:52 +0100,60,count/min
2019-02-06 04:47:12 +0100,59,count/min
2019-02-06 04:52:12 +0100,59,count/min
2019-02-06 04:57:52 +0100,61,count/min
2019-02-06 05:02:56 +0100,61,count/min
2019-02-06 05:07:12 +0100,61,count/min
2019-02-06 05:12:17 +0100,60,count/min
2019-02-06 05:18:07 +0100,59,count/min
2019-02-06 05:22:12 +0100,59,count/min
2019-02-06 05:27:37 +0100,56,count/min
2019-02-06 05:37:01 +0100,59.42,count/min
2019-02-06 05:32:12 +0100,60,count/min
2019-02-06 05:41:24 +0100,58,count/min
2019-02-06 05:42:49 +0100,59,count/min
2019-02-06 05:48:19 +0100,59,count/min
2019-02-06 05:52:39 +0100,59,count/min
2019-02-06 05:57:14 +0100,60,count/min
2019-02-06 06:02:09 +0100,61,count/min
2019-02-06 06:08:39 +0100,59,count/min
2019-02-06 06:12:24 +0100,59,count/min
2019-02-06 06:17:14 +0100,57,count/min
2019-02-06 06:22:36 +0100,58,count/min
2019-02-06 06:27:09 +0100,59,count/min
2019-02-06 06:32:24 +0100,61,count/min
2019-02-06 06:37:29 +0100,61,count/min
2019-02-06 06:42:09 +0100,61,count/min
2019-02-06 06:47:24 +0100,61,count/min
2019-02-06 06:52:20 +0100,61,count/min
2019-02-06 06:57:10 +0100,60,count/min
2019-02-06 07:03:45 +0100,59,count/min
2019-02-06 07:07:55 +0100,60,count/min
2019-02-06 07:12:30 +0100,61,count/min
2019-02-06 07:17:10 +0100,60,count/min
2019-02-06 07:22:13 +0100,60,count/min
2019-02-06 07:27:55 +0100,59,count/min
2019-02-06 07:34:25 +0100,67,count/min
2019-02-06 07:37:25 +0100,70,count/min
2019-02-06 07:42:49 +0100,69,count/min
2019-02-06 07:51:54 +0100,76,count/min
2019-02-06 07:54:12 +0100,95,count/min
2019-02-06 07:57:42 +0100,91,count/min
2019-02-06 08:59:37 +0100,109,count/min
2019-02-06 08:59:39 +0100,111,count/min
2019-02-06 08:59:44 +0100,110,count/min
2019-02-06 08:59:53 +0100,100,count/min
2019-02-06 08:59:57 +0100,102,count/min
2019-02-06 09:00:03 +0100,102,count/min
2019-02-06 09:00:07 +0100,106,count/min
2019-02-06 09:00:13 +0100,110,count/min
2019-02-06 09:01:33 +0100,76,count/min
2019-02-06 12:49:16 +0100,101,count/min
2019-02-06 12:51:56 +0100,97,count/min
2019-02-06 12:54:39 +0100,107,count/min
2019-02-06 12:59:35 +0100,69,count/min
2019-02-06 13:02:49 +0100,86,count/min
2019-02-06 13:14:54 +0100,102,count/min
2019-02-06 13:17:40 +0100,121,count/min
2019-02-06 13:09:06 +0100,78,count/min
2019-02-06 13:22:04 +0100,101,count/min
2019-02-06 13:26:22 +0100,124,count/min
2019-02-06 13:29:34 +0100,119,count/min
2019-02-06 13:30:35 +0100,102,count/min
2019-02-06 13:33:20 +0100,89,count/min
2019-02-06 13:37:42 +0100,108,count/min
2019-02-06 13:44:35 +0100,97,count/min
2019-02-06 13:50:58 +0100,92,count/min
2019-02-06 13:56:51 +0100,94,count/min
2019-02-06 14:00:24 +0100,95,count/min
2019-02-06 14:02:43 +0100,97,count/min
2019-02-06 14:08:32 +0100,93,count/min
2019-02-06 14:14:29 +0100,93,count/min
2019-02-06 14:18:34 +0100,95,count/min
2019-02-06 14:22:40 +0100,94,count/min
2019-02-06 14:28:53 +0100,91,count/min
2019-02-06 14:33:02 +0100,92,count/min
2019-02-06 14:40:37 +0100,94,count/min
2019-02-06 14:43:36 +0100,99,count/min
2019-02-06 14:48:28 +0100,95,count/min
2019-02-06 14:57:06 +0100,94,count/min
2019-02-06 15:01:27 +0100,92,count/min
2019-02-06 15:02:45 +0100,95,count/min
2019-02-06 15:11:45 +0100,90,count/min
2019-02-06 15:15:16 +0100,83,count/min
2019-02-06 15:20:01 +0100,88,count/min
2019-02-06 15:23:12 +0100,88,count/min
2019-02-06 15:31:57 +0100,81,count/min
2019-02-06 15:33:24 +0100,63,count/min
2019-02-06 15:44:01 +0100,93,count/min
2019-02-06 15:39:45 +0100,82,count/min
2019-02-06 15:46:43 +0100,78,count/min
2019-02-06 15:48:33 +0100,80,count/min
2019-02-06 15:52:39 +0100,80,count/min
2019-02-06 15:58:20 +0100,81,count/min
2019-02-06 16:03:37 +0100,81,count/min
2019-02-06 16:10:12 +0100,78,count/min
2019-02-06 16:13:30 +0100,78,count/min
2019-02-06 16:18:05 +0100,80,count/min
2019-02-06 16:26:43 +0100,80,count/min
2019-02-06 16:29:52 +0100,76,count/min
2019-02-06 16:33:55 +0100,71,count/min
2019-02-06 16:43:40 +0100,86,count/min
2019-02-06 16:37:23 +0100,66,count/min
2019-02-06 16:47:03 +0100,75,count/min
2019-02-06 16:49:34 +0100,72,count/min
2019-02-06 16:56:41 +0100,75,count/min
2019-02-06 16:59:20 +0100,78,count/min
2019-02-06 17:02:37 +0100,73,count/min
2019-02-06 17:08:07 +0100,79,count/min
2019-02-06 17:15:50 +0100,74,count/min
2019-02-06 17:22:08 +0100,70,count/min
2019-02-06 17:23:44 +0100,74,count/min
2019-02-06 17:29:05 +0100,76,count/min
2019-02-06 17:41:08 +0100,81,count/min
2019-02-06 17:43:18 +0100,76,count/min
2019-02-06 17:52:17 +0100,102,count/min
2019-02-06 17:55:22 +0100,105,count/min
2019-02-06 17:48:18 +0100,76,count/min
2019-02-06 17:58:14 +0100,82,count/min
2019-02-06 18:06:34 +0100,66,count/min
2019-02-06 18:10:18 +0100,69,count/min
2019-02-06 18:16:34 +0100,73,count/min
2019-02-06 18:21:24 +0100,77,count/min
2019-02-06 18:25:06 +0100,72,count/min
2019-02-06 18:29:42 +0100,71,count/min
2019-02-06 18:34:06 +0100,76,count/min
2019-02-06 18:41:33 +0100,83,count/min
2019-02-06 18:44:13 +0100,81,count/min
2019-02-06 18:50:22 +0100,76,count/min
2019-02-06 19:16:23 +0100,81,count/min
2019-02-06 19:18:42 +0100,80,count/min
2019-02-06 19:24:11 +0100,63,count/min
2019-02-06 19:35:33 +0100,56,count/min
2019-02-06 19:39:26 +0100,58,count/min
2019-02-06 19:48:14 +0100,63,count/min
2019-02-06 20:15:04 +0100,58,count/min
2019-02-06 20:24:23 +0100,85,count/min
2019-02-06 20:28:29 +0100,81,count/min
2019-02-06 20:35:07 +0100,87,count/min
2019-02-06 20:37:39 +0100,85,count/min
2019-02-06 20:43:10 +0100,83,count/min
2019-02-06 20:51:20 +0100,83,count/min
2019-02-06 20:53:17 +0100,83,count/min
2019-02-06 20:57:10 +0100,85,count/min
2019-02-06 21:04:09 +0100,78,count/min
2019-02-06 21:11:13 +0100,82,count/min
2019-02-06 21:15:04 +0100,84,count/min
2019-02-06 21:19:24 +0100,80,count/min
2019-02-06 21:23:57 +0100,80,count/min
2019-02-06 21:28:34 +0100,81,count/min
2019-02-06 21:36:18 +0100,81,count/min
2019-02-06 21:41:54 +0100,80,count/min
2019-02-06 21:44:04 +0100,81,count/min
2019-02-06 21:49:24 +0100,89,count/min
2019-02-06 21:54:08 +0100,80,count/min
2019-02-06 22:01:57 +0100,78,count/min
2019-02-06 22:02:59 +0100,81,count/min
2019-02-06 22:10:33 +0100,79,count/min
2019-02-06 22:14:06 +0100,82,count/min
2019-02-06 22:18:13 +0100,78,count/min
2019-02-06 22:27:01 +0100,76,count/min
2019-02-06 22:27:06 +0100,79,count/min
2019-02-06 22:27:10 +0100,82,count/min
2019-02-06 22:22:11 +0100,67,count/min
2019-02-06 22:27:12 +0100,81,count/min
2019-02-06 22:27:21 +0100,77,count/min
2019-02-06 22:27:24 +0100,77,count/min
2019-02-06 22:27:27 +0100,78,count/min
2019-02-06 22:27:36 +0100,74,count/min
2019-02-06 22:27:41 +0100,74,count/min
2019-02-06 22:27:46 +0100,75,count/min
2019-02-06 22:27:50 +0100,76,count/min
2019-02-06 22:27:56 +0100,76,count/min
2019-02-06 22:28:01 +0100,76,count/min
2019-02-06 23:30:47 +0100,81,count/min
2019-02-06 23:35:47 +0100,73,count/min
2019-02-06 23:37:26 +0100,71,count/min
2019-02-06 23:42:51 +0100,70,count/min
2019-02-06 23:50:03 +0100,72,count/min
2019-02-06 23:53:16 +0100,73,count/min
2019-02-07 00:01:41 +0100,68,count/min
2019-02-07 00:03:20 +0100,68,count/min
2019-02-07 00:10:06 +0100,69,count/min
2019-02-07 00:13:18 +0100,68,count/min
2019-02-07 00:17:32 +0100,70,count/min
2019-02-07 00:24:11 +0100,69,count/min
2019-02-07 00:27:11 +0100,68,count/min
2019-02-07 00:32:26 +0100,68,count/min
2019-02-07 00:37:11 +0100,69,count/min
2019-02-07 00:42:11 +0100,69,count/min
2019-02-07 00:47:11 +0100,69,count/min
2019-02-07 00:52:16 +0100,70,count/min
2019-02-07 00:57:21 +0100,69,count/min
2019-02-07 01:02:26 +0100,70,count/min
2019-02-07 01:07:11 +0100,70,count/min
2019-02-07 01:12:36 +0100,70,count/min
2019-02-07 01:17:21 +0100,69,count/min
2019-02-07 01:22:26 +0100,69,count/min
2019-02-07 01:27:16 +0100,67,count/min
2019-02-07 01:32:31 +0100,67,count/min
2019-02-07 01:38:08 +0100,67,count/min
2019-02-07 01:42:53 +0100,66,count/min
2019-02-07 01:51:58 +0100,65.3617,count/min
2019-02-07 01:50:08 +0100,66,count/min
2019-02-07 01:53:22 +0100,66,count/min
2019-02-07 01:57:09 +0100,65,count/min
2019-02-07 02:02:14 +0100,65,count/min
2019-02-07 02:07:09 +0100,67,count/min
2019-02-07 02:12:14 +0100,66,count/min
2019-02-07 02:17:34 +0100,65,count/min
2019-02-07 02:23:00 +0100,65,count/min
2019-02-07 02:27:10 +0100,65,count/min
2019-02-07 02:32:30 +0100,65,count/min
2019-02-07 02:37:10 +0100,65,count/min
2019-02-07 02:42:40 +0100,63,count/min
2019-02-07 02:47:50 +0100,63,count/min
2019-02-07 02:53:34 +0100,62,count/min
2019-02-07 02:57:45 +0100,61,count/min
2019-02-07 03:02:45 +0100,62,count/min
2019-02-07 03:08:50 +0100,64,count/min
2019-02-07 03:12:45 +0100,68,count/min
2019-02-07 03:18:50 +0100,65,count/min
2019-02-07 03:22:15 +0100,67,count/min
2019-02-07 03:27:15 +0100,68,count/min
2019-02-07 03:32:40 +0100,68,count/min
2019-02-07 03:37:20 +0100,67,count/min
2019-02-07 03:42:15 +0100,67,count/min
2019-02-07 03:47:10 +0100,67,count/min
2019-02-07 03:52:10 +0100,66,count/min
2019-02-07 03:58:00 +0100,66,count/min
2019-02-07 04:02:10 +0100,65,count/min
2019-02-07 04:07:30 +0100,65,count/min
2019-02-07 04:12:20 +0100,65,count/min
2019-02-07 04:17:15 +0100,65,count/min
2019-02-07 04:22:10 +0100,64,count/min
2019-02-07 04:28:26 +0100,64,count/min
2019-02-07 04:32:46 +0100,64,count/min
2019-02-07 04:37:16 +0100,63,count/min
2019-02-07 04:43:25 +0100,62,count/min
2019-02-07 04:49:56 +0100,64,count/min
2019-02-07 04:52:31 +0100,65,count/min
2019-02-07 04:57:26 +0100,66,count/min
2019-02-07 05:23:46 +0100,75,count/min
2019-02-07 05:24:07 +0100,127,count/min
2019-02-07 05:24:12 +0100,127,count/min
2019-02-07 05:24:17 +0100,126,count/min
2019-02-07 05:24:18 +0100,125,count/min
2019-02-07 05:24:26 +0100,130,count/min
2019-02-07 05:24:32 +0100,133,count/min
2019-02-07 05:24:33 +0100,134,count/min
2019-02-07 05:24:38 +0100,133,count/min
2019-02-07 05:24:46 +0100,131,count/min
2019-02-07 05:24:48 +0100,130,count/min
2019-02-07 05:24:56 +0100,131,count/min
2019-02-07 05:24:58 +0100,132,count/min
2019-02-07 05:25:06 +0100,130,count/min
2019-02-07 05:25:08 +0100,130,count/min
2019-02-07 05:25:17 +0100,129,count/min
2019-02-07 05:25:19 +0100,131,count/min
2019-02-07 05:25:24 +0100,131,count/min
2019-02-07 05:25:32 +0100,133,count/min
2019-02-07 05:25:34 +0100,133,count/min
2019-02-07 05:25:39 +0100,133,count/min
2019-02-07 05:25:43 +0100,133,count/min
2019-02-07 05:25:52 +0100,133,count/min
2019-02-07 05:25:54 +0100,134,count/min
2019-02-07 05:26:00 +0100,133,count/min
2019-02-07 05:26:04 +0100,132,count/min
2019-02-07 05:26:09 +0100,132,count/min
2019-02-07 05:26:14 +0100,132,count/min
2019-02-07 05:26:19 +0100,132,count/min
2019-02-07 05:26:27 +0100,132,count/min
2019-02-07 05:26:29 +0100,131,count/min
2019-02-07 05:26:35 +0100,131,count/min
2019-02-07 05:42:02 +0100,97,count/min
2019-02-07 05:42:07 +0100,98,count/min
2019-02-07 05:42:12 +0100,99,count/min
2019-02-07 05:42:14 +0100,98,count/min
2019-02-07 05:42:21 +0100,100,count/min
2019-02-07 05:42:24 +0100,100,count/min
2019-02-07 05:42:29 +0100,100,count/min
2019-02-07 05:42:38 +0100,100,count/min
2019-02-07 05:42:43 +0100,98,count/min
2019-02-07 05:42:45 +0100,98,count/min
2019-02-07 05:42:51 +0100,97,count/min
2019-02-07 05:43:02 +0100,98,count/min
2019-02-07 05:43:08 +0100,102,count/min
2019-02-07 05:43:10 +0100,102,count/min
2019-02-07 05:43:16 +0100,99,count/min
2019-02-07 05:43:22 +0100,99,count/min
2019-02-07 05:43:27 +0100,100,count/min
2019-02-07 05:43:32 +0100,98,count/min
2019-02-07 05:43:37 +0100,98,count/min
2019-02-07 05:43:39 +0100,97,count/min
2019-02-07 05:43:44 +0100,95,count/min
2019-02-07 05:43:50 +0100,94,count/min
2019-02-07 05:43:56 +0100,96,count/min
2019-02-07 05:44:01 +0100,93,count/min
2019-02-07 05:44:04 +0100,93,count/min
2019-02-07 05:44:12 +0100,98,count/min
2019-02-07 05:44:16 +0100,98,count/min
2019-02-07 05:44:19 +0100,97,count/min
2019-02-07 05:44:25 +0100,94,count/min
2019-02-07 05:44:33 +0100,96,count/min
2019-02-07 05:44:36 +0100,97,count/min
2019-02-07 05:44:43 +0100,97,count/min
2019-02-07 05:44:45 +0100,96,count/min
2019-02-07 05:44:49 +0100,97,count/min
2019-02-07 05:44:58 +0100,95,count/min
2019-02-07 05:45:02 +0100,95,count/min
2019-02-07 05:45:07 +0100,94,count/min
2019-02-07 05:45:13 +0100,96,count/min
2019-02-07 05:46:20 +0100,100,count/min
2019-02-07 05:48:13 +0100,90,count/min
2019-02-07 05:55:32 +0100,95,count/min
2019-02-07 05:59:10 +0100,92,count/min
2019-02-07 06:04:46 +0100,74,count/min
2019-02-07 06:09:21 +0100,76,count/min
2019-02-07 06:13:45 +0100,68,count/min
2019-02-07 06:26:07 +0100,81,count/min
2019-02-07 06:28:07 +0100,84,count/min
2019-02-07 06:44:58 +0100,75,count/min
2019-02-07 06:48:51 +0100,68.8789,count/min
2019-02-07 06:51:26 +0100,68,count/min
2019-02-05 14:34:43 +0100,92,count/min
2019-02-05 14:42:10 +0100,89,count/min
2019-02-05 14:58:19 +0100,100,count/min
2019-02-05 17:48:55 +0100,84,count/min
2019-02-05 17:56:01 +0100,83,count/min
2019-02-05 17:57:54 +0100,81,count/min
2019-02-05 18:04:48 +0100,81,count/min
2019-02-05 18:14:15 +0100,84,count/min
2019-02-05 18:19:59 +0100,81.7021,count/min
2019-02-05 18:21:38 +0100,77,count/min
2019-02-05 18:24:43 +0100,82,count/min
2019-02-05 18:29:47 +0100,81,count/min
2019-02-05 18:34:56 +0100,88,count/min
2019-02-06 08:11:40 +0100,99,count/min
2019-02-06 08:21:35 +0100,75,count/min
2019-02-06 08:21:37 +0100,77,count/min
2019-02-06 08:21:45 +0100,121,count/min
2019-02-06 08:21:50 +0100,124,count/min
2019-02-06 08:21:54 +0100,123,count/min
2019-02-06 08:21:56 +0100,122,count/min
2019-02-06 08:22:01 +0100,123,count/min
2019-02-06 08:22:07 +0100,125,count/min
2019-02-06 08:22:15 +0100,130,count/min
2019-02-06 08:22:18 +0100,129,count/min
2019-02-06 08:22:21 +0100,128,count/min
2019-02-06 08:22:30 +0100,128,count/min
2019-02-06 08:22:33 +0100,127,count/min
2019-02-06 08:22:38 +0100,126,count/min
2019-02-06 08:22:43 +0100,125,count/min
2019-02-06 08:22:46 +0100,126,count/min
2019-02-06 08:22:55 +0100,125,count/min
2019-02-06 08:23:00 +0100,123,count/min
2019-02-06 08:23:01 +0100,123,count/min
2019-02-06 08:23:06 +0100,123,count/min
2019-02-06 08:23:11 +0100,122,count/min
2019-02-06 08:23:16 +0100,122,count/min
2019-02-06 08:23:25 +0100,122,count/min
2019-02-06 08:23:28 +0100,123,count/min
2019-02-06 08:23:32 +0100,124,count/min
2019-02-06 08:23:36 +0100,123,count/min
2019-02-06 08:23:41 +0100,122,count/min
2019-02-06 08:23:49 +0100,122,count/min
2019-02-06 08:23:51 +0100,122,count/min
2019-02-06 08:24:00 +0100,123,count/min
2019-02-06 08:24:03 +0100,123,count/min
2019-02-06 08:24:06 +0100,122,count/min
2019-02-06 08:24:15 +0100,123,count/min
2019-02-06 08:24:20 +0100,121,count/min
2019-02-06 08:24:21 +0100,121,count/min
2019-02-06 08:24:30 +0100,119,count/min
2019-02-06 08:24:32 +0100,118,count/min
2019-02-06 08:24:37 +0100,117,count/min
2019-02-06 08:24:45 +0100,117,count/min
2019-02-06 08:24:49 +0100,118,count/min
2019-02-06 08:24:51 +0100,120,count/min
2019-02-06 08:24:59 +0100,117,count/min
2019-02-06 08:25:05 +0100,118,count/min
2019-02-06 08:25:08 +0100,119,count/min
2019-02-06 08:25:11 +0100,119,count/min
2019-02-06 08:25:20 +0100,119,count/min
2019-02-06 08:25:21 +0100,120,count/min
2019-02-06 08:25:30 +0100,118,count/min
2019-02-06 08:25:35 +0100,117,count/min
2019-02-06 08:25:36 +0100,118,count/min
2019-02-06 08:25:42 +0100,122,count/min
2019-02-06 08:25:46 +0100,120,count/min
2019-02-06 08:25:54 +0100,121,count/min
2019-02-06 08:25:56 +0100,120,count/min
2019-02-06 08:26:05 +0100,121,count/min
2019-02-06 08:26:08 +0100,122,count/min
2019-02-06 08:26:14 +0100,119,count/min
2019-02-06 08:26:16 +0100,120,count/min
2019-02-06 08:26:25 +0100,120,count/min
2019-02-06 08:26:30 +0100,120,count/min
2019-02-06 08:26:32 +0100,120,count/min
2019-02-06 08:26:36 +0100,119,count/min
2019-02-06 08:26:45 +0100,117,count/min
2019-02-06 08:26:47 +0100,117,count/min
2019-02-06 08:26:55 +0100,121,count/min
2019-02-06 08:26:56 +0100,120,count/min
2019-02-06 08:27:01 +0100,118,count/min
2019-02-06 08:56:59 +0100,99,count/min
2019-02-06 08:57:08 +0100,98,count/min
2019-02-06 08:57:09 +0100,98,count/min
2019-02-06 08:57:14 +0100,92,count/min
2019-02-06 08:57:19 +0100,97,count/min
2019-02-06 08:57:28 +0100,91,count/min
2019-02-06 08:57:33 +0100,92,count/min
2019-02-06 08:57:35 +0100,94,count/min
2019-02-06 08:57:43 +0100,98,count/min
2019-02-06 08:57:48 +0100,96,count/min
2019-02-06 08:57:51 +0100,95,count/min
2019-02-06 08:57:57 +0100,98,count/min
2019-02-06 08:57:59 +0100,100,count/min
2019-02-06 08:58:04 +0100,99,count/min
2019-02-06 08:58:13 +0100,95,count/min
2019-02-06 08:58:17 +0100,95,count/min
2019-02-06 08:58:23 +0100,88,count/min
2019-02-06 08:58:24 +0100,89,count/min
2019-02-06 08:58:32 +0100,90,count/min
2019-02-06 08:58:34 +0100,91,count/min
2019-02-06 08:58:42 +0100,104,count/min
2019-02-06 08:58:45 +0100,107,count/min
2019-02-06 08:58:50 +0100,112,count/min
2019-02-06 08:58:54 +0100,114,count/min
2019-02-06 08:59:11 +0100,114,count/min
2019-02-06 08:59:18 +0100,117,count/min
2019-02-06 08:59:23 +0100,117,count/min
2019-02-06 08:59:25 +0100,118,count/min
2019-02-06 08:59:29 +0100,114,count/min
2019-02-07 06:53:41 +0100,68,count/min
2019-02-07 07:01:04 +0100,100,count/min
2019-02-07 07:03:31 +0100,91,count/min
2019-02-07 07:13:36 +0100,74,count/min
2019-02-07 07:20:45 +0100,72,count/min
2019-02-07 07:22:10 +0100,71,count/min
2019-02-07 07:29:08 +0100,79,count/min
2019-02-07 07:34:36 +0100,73,count/min
2019-02-07 07:40:54 +0100,59,count/min
2019-02-07 07:45:10 +0100,80,count/min
2019-02-07 07:47:29 +0100,86,count/min
2019-02-07 07:54:35 +0100,83,count/min
2019-02-07 08:00:48 +0100,74,count/min
2019-02-07 08:05:37 +0100,76,count/min
2019-02-07 08:08:51 +0100,74,count/min
2019-02-07 08:13:41 +0100,73,count/min
2019-02-07 08:19:50 +0100,88,count/min
2019-02-07 08:25:15 +0100,87,count/min
2019-02-07 08:30:24 +0100,76,count/min
2019-02-07 08:32:22 +0100,71,count/min
2019-02-07 08:37:16 +0100,70,count/min
2019-02-07 08:46:21 +0100,66,count/min
2019-02-07 08:49:12 +0100,65,count/min
2019-02-07 08:52:28 +0100,64,count/min
2019-02-07 08:58:06 +0100,65,count/min
2019-02-07 09:03:45 +0100,64,count/min
2019-02-07 09:11:11 +0100,63,count/min
2019-02-07 09:13:28 +0100,61,count/min
2019-02-07 09:17:36 +0100,60,count/min
2019-02-07 09:26:56 +0100,60,count/min
2019-02-07 09:29:41 +0100,60,count/min
2019-02-07 09:33:47 +0100,72,count/min
2019-02-07 09:39:11 +0100,70,count/min
2019-02-07 09:45:22 +0100,66,count/min
2019-02-07 09:47:12 +0100,63,count/min
2019-02-07 09:54:54 +0100,62,count/min
