Date,Value,Unit
2019-01-05 21:50:01 +0100,62,count/min
2019-01-05 21:52:50 +0100,76,count/min
2019-01-05 21:52:54 +0100,86,count/min
2019-01-05 21:52:59 +0100,87,count/min
2019-01-05 21:54:14 +0100,81,count/min
2019-01-05 21:56:58 +0100,79,count/min
2019-01-05 22:15:02 +0100,97,count/min
2019-01-05 22:19:36 +0100,95,count/min
2019-01-05 22:00:20 +0100,82,count/min
2019-01-05 22:23:52 +0100,82,count/min
2019-01-05 22:27:57 +0100,73,count/min
2019-01-05 22:50:03 +0100,105,count/min
2019-01-05 22:44:18 +0100,84,count/min
2019-01-05 22:51:40 +0100,87,count/min
2019-01-05 22:58:41 +0100,86,count/min
2019-01-05 23:03:43 +0100,87,count/min
2019-01-05 23:03:08 +0100,84,count/min
2019-01-05 23:06:24 +0100,87,count/min
2019-01-06 09:38:38 +0100,97,count/min
2019-01-06 09:48:14 +0100,87,count/min
2019-01-06 09:53:22 +0100,90,count/min
2019-01-06 10:00:21 +0100,75,count/min
2019-01-06 10:14:34 +0100,80,count/min
2019-01-06 10:19:35 +0100,79,count/min
2019-01-06 10:24:59 +0100,82,count/min
2019-01-06 10:26:40 +0100,84,count/min
2019-01-06 10:31:40 +0100,87,count/min
2019-01-06 10:39:36 +0100,84,count/min
2019-01-06 11:21:17 +0100,107,count/min
2019-01-06 11:14:21 +0100,92,count/min
2019-01-06 11:28:55 +0100,82,count/min
2019-01-06 11:33:10 +0100,81,count/min
2019-01-06 11:35:27 +0100,84,count/min
2019-01-06 11:41:28 +0100,84,count/min
2019-01-06 11:47:05 +0100,85,count/min
2019-01-06 11:53:35 +0100,84,count/min
2019-01-06 11:56:30 +0100,76,count/min
2019-01-06 12:07:14 +0100,116,count/min
2019-01-06 12:02:45 +0100,84,count/min
2019-01-06 12:11:13 +0100,84,count/min
2019-01-06 12:15:40 +0100,80,count/min
2019-01-06 12:21:38 +0100,81,count/min
2019-01-06 12:29:05 +0100,78,count/min
2019-01-06 12:30:54 +0100,79.5855,count/min
2019-01-06 12:30:27 +0100,81,count/min
2019-01-06 12:37:47 +0100,81,count/min
2019-01-06 12:40:51 +0100,79,count/min
2019-01-06 12:49:05 +0100,79,count/min
2019-01-06 12:51:17 +0100,80,count/min
2019-01-06 12:57:20 +0100,81,count/min
2019-01-06 13:04:15 +0100,83,count/min
2019-01-06 13:06:10 +0100,80.6305,count/min
2019-01-06 13:09:28 +0100,81,count/min
2019-01-06 13:13:02 +0100,81,count/min
2019-01-06 13:17:18 +0100,80,count/min
2019-01-06 13:22:23 +0100,76,count/min
2019-01-06 13:28:28 +0100,77,count/min
2019-01-06 13:35:00 +0100,76,count/min
2019-01-06 13:38:31 +0100,73,count/min
2019-01-06 13:44:52 +0100,71,count/min
2019-01-06 13:46:11 +0100,71,count/min
2019-01-06 13:56:08 +0100,84,count/min
2019-01-06 13:59:08 +0100,88,count/min
2019-01-06 13:52:14 +0100,74,count/min
2019-01-06 14:08:17 +0100,90,count/min
2019-01-06 14:14:08 +0100,84,count/min
2019-01-06 14:10:41 +0100,91,count/min
2019-01-06 14:19:36 +0100,64,count/min
2019-01-06 14:21:44 +0100,85,count/min
2019-01-06 14:26:27 +0100,84,count/min
2019-01-06 14:33:32 +0100,81,count/min
2019-01-06 14:36:10 +0100,89,count/min
2019-01-06 14:44:06 +0100,92,count/min
2019-01-06 14:45:27 +0100,84,count/min
2019-01-06 14:53:04 +0100,80,count/min
2019-01-06 14:55:29 +0100,79,count/min
2019-01-06 15:02:27 +0100,85,count/min
2019-01-06 15:08:37 +0100,87,count/min
2019-01-06 15:12:30 +0100,86,count/min
2019-01-06 15:19:42 +0100,89,count/min
2019-01-06 15:25:02 +0100,93,count/min
2019-01-06 15:26:29 +0100,88,count/min
2019-01-06 15:31:16 +0100,89,count/min
2019-01-06 15:39:32 +0100,101,count/min
2019-01-06 15:36:54 +0100,83,count/min
2019-01-06 15:41:10 +0100,110,count/min
2019-01-06 15:53:39 +0100,83,count/min
2019-01-06 15:58:31 +0100,87,count/min
2019-01-06 16:05:46 +0100,86,count/min
2019-01-06 16:16:06 +0100,93,count/min
2019-01-06 16:22:14 +0100,98,count/min
2019-01-06 16:29:55 +0100,95,count/min
2019-01-06 16:33:10 +0100,90,count/min
2019-01-06 16:39:26 +0100,91,count/min
2019-01-06 16:48:38 +0100,80,count/min
2019-01-06 16:53:15 +0100,83,count/min
2019-01-06 17:04:41 +0100,86,count/min
2019-01-06 17:08:55 +0100,89,count/min
2019-01-06 17:14:23 +0100,87,count/min
2019-01-06 17:17:02 +0100,81,count/min
2019-01-06 17:22:06 +0100,84,count/min
2019-01-06 17:28:11 +0100,86,count/min
2019-01-06 17:34:43 +0100,85,count/min
2019-01-06 17:40:08 +0100,82,count/min
2019-01-06 17:42:46 +0100,83,count/min
2019-01-06 17:49:04 +0100,67,count/min
2019-01-06 17:54:30 +0100,80,count/min
2019-01-06 17:55:50 +0100,83,count/min
2019-01-06 18:05:08 +0100,76,count/min
2019-01-06 18:07:52 +0100,75,count/min
2019-01-06 18:14:58 +0100,75,count/min
2019-01-06 18:20:13 +0100,80,count/min
2019-01-06 18:21:51 +0100,78,count/min
2019-01-06 18:26:18 +0100,78,count/min
2019-01-06 18:32:33 +0100,78,count/min
2019-01-06 18:40:54 +0100,72.6738,count/min
2019-01-06 18:37:07 +0100,76,count/min
2019-01-06 18:42:14 +0100,75.0113,count/min
2019-01-06 18:43:53 +0100,78,count/min
2019-01-06 18:46:33 +0100,78,count/min
2019-01-06 18:52:43 +0100,70,count/min
2019-01-06 18:55:18 +0100,68,count/min
2019-01-06 19:01:23 +0100,66,count/min
2019-01-06 19:08:08 +0100,74,count/min
2019-01-06 19:14:56 +0100,75,count/min
2019-01-06 19:16:29 +0100,76,count/min
2019-01-06 19:21:48 +0100,80,count/min
2019-01-06 19:26:52 +0100,82,count/min
2019-01-06 19:34:03 +0100,80,count/min
2019-01-06 19:39:45 +0100,66,count/min
2019-01-06 19:48:39 +0100,77,count/min
2019-01-06 19:51:36 +0100,71,count/min
2019-01-06 19:57:34 +0100,72,count/min
2019-01-06 20:02:20 +0100,70,count/min
2019-01-06 20:09:41 +0100,72,count/min
2019-01-06 20:12:35 +0100,75,count/min
2019-01-06 20:30:25 +0100,107,count/min
2019-01-06 20:30:30 +0100,95,count/min
2019-01-06 20:30:34 +0100,94,count/min
2019-01-06 20:30:40 +0100,95,count/min
2019-01-06 20:30:43 +0100,104,count/min
2019-01-06 20:30:45 +0100,103,count/min
2019-01-06 20:30:54 +0100,102,count/min
2019-01-06 20:30:57 +0100,100,count/min
2019-01-06 20:31:02 +0100,101,count/min
2019-01-06 20:31:09 +0100,102,count/min
2019-01-06 20:31:13 +0100,103,count/min
2019-01-06 20:31:15 +0100,103,count/min
2019-01-06 20:31:24 +0100,106,count/min
2019-01-06 20:31:25 +0100,106,count/min
2019-01-06 20:31:30 +0100,108,count/min
2019-01-06 20:31:36 +0100,109,count/min
2019-01-06 20:31:40 +0100,110,count/min
2019-01-06 20:31:46 +0100,110,count/min
2019-01-06 20:31:54 +0100,116,count/min
2019-01-06 20:31:55 +0100,113,count/min
2019-01-06 20:32:04 +0100,112,count/min
2019-01-06 20:32:09 +0100,113,count/min
2019-01-06 20:32:11 +0100,113,count/min
2019-01-06 20:32:15 +0100,112,count/min
2019-01-06 20:32:20 +0100,110,count/min
2019-01-06 20:32:25 +0100,110,count/min
2019-01-06 20:32:30 +0100,111,count/min
2019-01-06 20:32:36 +0100,115,count/min
2019-01-06 20:32:48 +0100,111,count/min
2019-01-06 20:32:50 +0100,111,count/min
2019-01-06 20:32:59 +0100,108,count/min
2019-01-06 20:33:02 +0100,108,count/min
2019-01-06 20:33:06 +0100,106,count/min
2019-01-06 20:33:11 +0100,108,count/min
2019-01-06 20:33:15 +0100,111,count/min
2019-01-06 20:34:26 +0100,121,count/min
2019-01-06 20:35:09 +0100,115,count/min
2019-01-06 20:35:12 +0100,111,count/min
2019-01-06 20:35:18 +0100,109,count/min
2019-01-06 20:35:23 +0100,109,count/min
2019-01-06 20:35:29 +0100,102,count/min
2019-01-06 20:35:34 +0100,104,count/min
2019-01-06 20:35:35 +0100,102,count/min
2019-01-06 20:35:44 +0100,96,count/min
2019-01-06 20:35:48 +0100,93,count/min
2019-01-06 20:35:50 +0100,90,count/min
2019-01-06 20:35:55 +0100,90,count/min
2019-01-06 20:36:04 +0100,87,count/min
2019-01-06 20:36:07 +0100,85,count/min
2019-01-06 20:36:10 +0100,86,count/min
2019-01-06 20:36:15 +0100,90,count/min
2019-01-06 20:36:24 +0100,93,count/min
2019-01-06 20:36:28 +0100,95,count/min
2019-01-06 20:36:30 +0100,94,count/min
2019-01-06 20:36:39 +0100,80,count/min
2019-01-06 20:36:40 +0100,81,count/min
2019-01-06 20:36:45 +0100,93,count/min
2019-01-06 20:36:54 +0100,90,count/min
2019-01-06 20:36:59 +0100,85,count/min
2019-01-06 20:37:01 +0100,84,count/min
2019-01-06 20:37:05 +0100,87,count/min
2019-01-06 20:37:14 +0100,92,count/min
2019-01-06 20:37:16 +0100,93,count/min
2019-01-06 20:37:24 +0100,104,count/min
2019-01-06 20:37:29 +0100,108,count/min
2019-01-06 20:37:33 +0100,107,count/min
2019-01-06 20:37:35 +0100,104,count/min
2019-01-06 20:37:41 +0100,101,count/min
2019-01-06 20:37:49 +0100,91,count/min
2019-01-06 20:37:51 +0100,92,count/min
2019-01-06 20:37:56 +0100,98,count/min
2019-01-06 20:38:00 +0100,100,count/min
2019-01-06 20:38:05 +0100,100,count/min
2019-01-06 20:38:14 +0100,90,count/min
2019-01-06 20:38:19 +0100,100,count/min
2019-01-06 20:38:24 +0100,95,count/min
2019-01-06 20:38:25 +0100,94,count/min
2019-01-06 20:38:30 +0100,91,count/min
2019-01-06 20:38:39 +0100,95,count/min
2019-01-06 20:38:44 +0100,95,count/min
2019-01-06 20:38:48 +0100,90,count/min
2019-01-06 20:38:53 +0100,97,count/min
2019-01-06 20:38:55 +0100,95,count/min
2019-01-06 20:39:04 +0100,97,count/min
2019-01-06 20:39:05 +0100,98,count/min
2019-01-06 20:39:13 +0100,92,count/min
2019-01-06 20:39:19 +0100,96,count/min
2019-01-06 20:39:22 +0100,97,count/min
2019-01-06 20:39:26 +0100,100,count/min
2019-01-06 20:39:34 +0100,91,count/min
2019-01-06 20:39:36 +0100,91,count/min
2019-01-06 20:39:44 +0100,96,count/min
2019-01-06 20:39:45 +0100,96,count/min
2019-01-06 20:39:50 +0100,101,count/min
2019-01-06 20:39:55 +0100,104,count/min
2019-01-06 20:40:15 +0100,113,count/min
2019-01-06 20:40:16 +0100,113,count/min
2019-01-06 20:40:25 +0100,98,count/min
2019-01-06 20:40:27 +0100,99,count/min
2019-01-06 20:40:31 +0100,100,count/min
2019-01-06 20:40:40 +0100,96,count/min
2019-01-06 20:40:43 +0100,99,count/min
2019-01-06 20:40:46 +0100,97,count/min
2019-01-06 20:40:51 +0100,101,count/min
2019-01-06 20:41:21 +0100,74,count/min
2019-01-06 20:50:09 +0100,73,count/min
2019-01-06 20:51:38 +0100,75,count/min
2019-01-06 21:00:07 +0100,73,count/min
2019-01-06 21:01:34 +0100,80,count/min
2019-01-06 21:08:06 +0100,77,count/min
2019-01-06 21:14:53 +0100,76,count/min
2019-01-06 21:18:41 +0100,74,count/min
2019-01-06 21:21:52 +0100,79,count/min
2019-01-06 21:28:54 +0100,78,count/min
2019-01-06 21:31:41 +0100,76,count/min
2019-01-06 21:42:35 +0100,71,count/min
2019-01-06 21:45:56 +0100,75,count/min
2019-01-06 21:53:45 +0100,102,count/min
2019-01-06 21:55:24 +0100,74,count/min
2019-01-06 22:00:51 +0100,78,count/min
2019-01-06 22:06:04 +0100,77,count/min
2019-01-06 22:11:17 +0100,64,count/min
2019-01-06 22:15:17 +0100,57,count/min
2019-01-06 22:22:53 +0100,79,count/min
2019-01-06 22:26:29 +0100,68,count/min
2019-01-06 22:32:57 +0100,61,count/min
2019-01-06 22:37:22 +0100,64,count/min
2019-01-06 22:42:34 +0100,75,count/min
2019-01-06 22:48:59 +0100,68,count/min
2019-01-06 22:54:13 +0100,84,count/min
2019-01-06 22:57:37 +0100,80,count/min
2019-01-06 23:19:44 +0100,77,count/min
2019-01-06 23:21:52 +0100,66,count/min
2019-01-07 00:24:16 +0100,65,count/min
2019-01-07 00:26:41 +0100,59,count/min
2019-01-07 00:31:50 +0100,61,count/min
2019-01-07 00:39:56 +0100,63,count/min
2019-01-07 00:44:37 +0100,65,count/min
2019-01-07 00:47:28 +0100,58,count/min
2019-01-07 00:50:33 +0100,56,count/min
2019-01-07 00:55:18 +0100,57,count/min
2019-01-07 01:01:03 +0100,56.4706,count/min
2019-01-07 01:02:40 +0100,57,count/min
2019-01-07 01:05:25 +0100,56,count/min
2019-01-07 01:10:25 +0100,55,count/min
2019-01-07 01:16:25 +0100,62,count/min
2019-01-07 01:20:35 +0100,59,count/min
2019-01-07 01:25:20 +0100,59,count/min
2019-01-07 01:30:25 +0100,58,count/min
2019-01-07 01:35:20 +0100,59,count/min
2019-01-07 01:40:20 +0100,58,count/min
2019-01-07 01:45:20 +0100,58,count/min
2019-01-07 01:51:30 +0100,60,count/min
2019-01-07 01:55:20 +0100,59,count/min
2019-01-07 02:00:55 +0100,59,count/min
2019-01-07 02:05:30 +0100,58,count/min
2019-01-07 02:10:55 +0100,56,count/min
2019-01-07 02:15:20 +0100,60,count/min
2019-01-07 02:20:45 +0100,58,count/min
2019-01-07 02:27:37 +0100,56,count/min
2019-01-07 02:30:20 +0100,57,count/min
2019-01-07 02:35:20 +0100,57,count/min
2019-01-07 02:40:25 +0100,56,count/min
2019-01-07 02:46:40 +0100,57,count/min
2019-01-07 02:50:50 +0100,56,count/min
2019-01-07 02:55:45 +0100,56,count/min
2019-01-07 03:00:55 +0100,57,count/min
2019-01-07 03:05:26 +0100,57,count/min
2019-01-07 03:10:46 +0100,56,count/min
2019-01-07 03:15:31 +0100,56,count/min
2019-01-07 03:20:56 +0100,55,count/min
2019-01-07 03:25:21 +0100,55,count/min
2019-01-07 03:30:21 +0100,55,count/min
2019-01-07 03:35:21 +0100,55,count/min
2019-01-07 03:40:41 +0100,54,count/min
2019-01-07 03:45:21 +0100,53,count/min
2019-01-07 03:50:51 +0100,55,count/min
2019-01-07 03:56:59 +0100,54,count/min
2019-01-07 04:00:46 +0100,54,count/min
2019-01-07 04:07:41 +0100,58,count/min
2019-01-07 04:11:36 +0100,59,count/min
2019-01-07 04:16:16 +0100,58,count/min
2019-01-07 04:21:31 +0100,58,count/min
2019-01-07 04:25:31 +0100,59,count/min
2019-01-07 04:33:38 +0100,59,count/min
2019-01-07 04:35:36 +0100,58,count/min
2019-01-07 04:40:21 +0100,59,count/min
2019-01-07 04:45:56 +0100,58,count/min
2019-01-07 04:50:55 +0100,58,count/min
2019-01-07 04:55:42 +0100,59,count/min
2019-01-07 05:01:01 +0100,59.305,count/min
2019-01-07 05:02:58 +0100,56,count/min
2019-01-07 05:05:28 +0100,58,count/min
2019-01-07 05:11:03 +0100,57,count/min
2019-01-07 05:16:13 +0100,60,count/min
2019-01-07 05:20:18 +0100,60,count/min
2019-01-07 05:25:18 +0100,61,count/min
2019-01-07 05:32:26 +0100,61,count/min
2019-01-07 05:35:48 +0100,58,count/min
2019-01-07 05:40:28 +0100,59,count/min
2019-01-07 05:45:18 +0100,60,count/min
2019-01-07 05:50:33 +0100,59,count/min
2019-01-07 05:55:33 +0100,61,count/min
2019-01-07 06:00:18 +0100,58,count/min
2019-01-07 06:06:18 +0100,58,count/min
2019-01-07 06:10:18 +0100,59,count/min
2019-01-07 06:15:18 +0100,58,count/min
2019-01-07 06:20:38 +0100,60,count/min
2019-01-07 06:25:23 +0100,59,count/min
2019-01-07 06:30:23 +0100,58,count/min
2019-01-07 06:35:18 +0100,58,count/min
2019-01-07 06:40:18 +0100,57,count/min
2019-01-07 06:45:23 +0100,54,count/min
2019-01-07 06:51:24 +0100,61,count/min
2019-01-07 06:55:18 +0100,60,count/min
2019-01-07 07:01:38 +0100,58,count/min
2019-01-07 07:06:38 +0100,61,count/min
2019-01-07 07:11:13 +0100,58,count/min
2019-01-07 07:15:49 +0100,57,count/min
2019-01-07 07:20:48 +0100,57,count/min
2019-01-07 07:25:58 +0100,57,count/min
2019-01-07 07:33:41 +0100,58,count/min
2019-01-07 07:36:58 +0100,61,count/min
2019-01-07 08:09:09 +0100,82,count/min
2019-01-07 08:14:40 +0100,88,count/min
2019-01-07 08:15:49 +0100,84,count/min
2019-01-07 08:25:05 +0100,89,count/min
2019-01-07 08:27:44 +0100,84,count/min
2019-01-07 08:30:49 +0100,94,count/min
2019-01-07 08:40:17 +0100,101,count/min
2019-01-07 08:47:57 +0100,88,count/min
2019-01-07 09:00:04 +0100,83,count/min
2019-01-07 10:04:55 +0100,84,count/min
2019-01-07 10:09:35 +0100,81,count/min
2019-01-07 10:15:02 +0100,74,count/min
2019-01-07 10:23:18 +0100,76,count/min
2019-01-07 10:27:09 +0100,75,count/min
2019-01-07 10:31:26 +0100,74,count/min
2019-01-07 10:36:39 +0100,76,count/min
2019-01-07 10:41:58 +0100,75,count/min
2019-01-07 10:48:26 +0100,83,count/min
2019-01-07 10:51:21 +0100,81,count/min
2019-01-07 11:06:09 +0100,78,count/min
2019-01-07 11:09:16 +0100,94,count/min
2019-01-07 11:11:48 +0100,95,count/min
2019-01-07 11:15:10 +0100,81,count/min
2019-01-07 11:17:55 +0100,86,count/min
2019-01-07 11:02:35 +0100,78,count/min
2019-01-07 11:20:33 +0100,73,count/min
2019-01-07 11:43:38 +0100,70,count/min
2019-01-07 11:47:46 +0100,65,count/min
2019-01-07 11:55:04 +0100,70,count/min
2019-01-07 11:58:24 +0100,72,count/min
2019-01-07 12:03:09 +0100,82,count/min
2019-01-07 12:09:29 +0100,77,count/min
2019-01-07 12:09:50 +0100,73,count/min
2019-01-07 12:12:04 +0100,75,count/min
2019-01-07 12:17:41 +0100,84,count/min
2019-01-07 12:15:20 +0100,76,count/min
2019-01-07 12:24:40 +0100,73,count/min
2019-01-07 12:25:57 +0100,75,count/min
2019-01-07 12:42:42 +0100,70,count/min
2019-01-07 12:49:01 +0100,72,count/min
2019-01-07 12:55:10 +0100,69,count/min
2019-01-07 12:57:14 +0100,81,count/min
2019-01-07 13:03:35 +0100,73,count/min
2019-01-07 13:07:24 +0100,69,count/min
2019-01-07 13:10:34 +0100,70,count/min
2019-01-07 13:19:46 +0100,68,count/min
2019-01-07 13:22:36 +0100,75,count/min
2019-01-07 13:29:31 +0100,70,count/min
2019-01-07 13:33:41 +0100,70,count/min
2019-01-07 13:38:38 +0100,69,count/min
2019-01-07 13:43:26 +0100,70,count/min
2019-01-07 13:49:03 +0100,70,count/min
2019-01-07 13:54:18 +0100,70,count/min
2019-01-07 13:59:48 +0100,64,count/min
2019-01-07 14:04:58 +0100,61,count/min
2019-01-07 14:06:35 +0100,69,count/min
2019-01-07 14:10:38 +0100,61,count/min
2019-01-07 14:16:14 +0100,81,count/min
2019-01-07 14:22:48 +0100,64,count/min
2019-01-07 14:27:33 +0100,73,count/min
2019-01-07 14:39:47 +0100,70,count/min
2019-01-07 14:41:54 +0100,71,count/min
2019-01-07 14:49:15 +0100,79,count/min
2019-01-07 14:50:38 +0100,67,count/min
2019-01-07 14:59:03 +0100,74,count/min
2019-01-07 15:00:49 +0100,73,count/min
2019-01-07 15:07:38 +0100,75,count/min
2019-01-07 15:12:31 +0100,70,count/min
2019-01-07 15:16:20 +0100,75,count/min
2019-01-07 15:22:28 +0100,76,count/min
2019-01-07 15:26:03 +0100,76,count/min
2019-01-07 15:33:43 +0100,73,count/min
2019-01-07 15:38:21 +0100,75,count/min
2019-01-07 15:43:39 +0100,74,count/min
2019-01-07 15:48:17 +0100,74,count/min
2019-01-07 15:54:15 +0100,73,count/min
2019-01-07 15:55:19 +0100,77,count/min
2019-01-07 16:02:33 +0100,68,count/min
2019-01-07 16:07:13 +0100,72,count/min
2019-01-07 16:14:58 +0100,75,count/min
2019-01-07 16:17:10 +0100,76,count/min
2019-01-07 16:23:57 +0100,78,count/min
2019-01-07 16:26:24 +0100,75,count/min
2019-01-07 16:35:10 +0100,85,count/min
2019-01-07 16:39:31 +0100,70,count/min
2019-01-07 16:42:03 +0100,69,count/min
2019-01-07 16:45:59 +0100,71,count/min
2019-01-07 16:56:08 +0100,68,count/min
2019-01-07 17:01:08 +0100,69,count/min
2019-01-07 17:05:27 +0100,71,count/min
2019-01-07 17:10:37 +0100,66,count/min
2019-01-07 17:19:01 +0100,68,count/min
2019-01-07 17:20:41 +0100,67.6652,count/min
2019-01-07 17:22:05 +0100,68,count/min
2019-01-07 17:29:39 +0100,67,count/min
2019-01-07 17:32:30 +0100,68,count/min
2019-01-07 17:37:36 +0100,72,count/min
2019-01-07 17:41:14 +0100,67,count/min
2019-01-07 17:46:45 +0100,53,count/min
2019-01-07 17:55:04 +0100,68,count/min
2019-01-07 17:59:41 +0100,71,count/min
2019-01-07 18:02:31 +0100,67,count/min
2019-01-07 18:08:20 +0100,66,count/min
2019-01-07 18:11:10 +0100,66,count/min
2019-01-07 18:15:50 +0100,69,count/min
2019-01-07 18:22:30 +0100,69,count/min
2019-01-07 18:26:00 +0100,65,count/min
2019-01-07 18:34:20 +0100,67,count/min
2019-01-07 18:39:48 +0100,65,count/min
2019-01-07 18:42:16 +0100,68,count/min
2019-01-07 18:49:28 +0100,66,count/min
2019-01-07 18:51:28 +0100,66,count/min
2019-01-07 18:59:14 +0100,64,count/min
2019-01-07 19:04:05 +0100,65,count/min
2019-01-07 19:07:56 +0100,63,count/min
2019-01-07 19:10:57 +0100,64,count/min
2019-01-07 19:17:35 +0100,71,count/min
2019-01-07 19:24:02 +0100,66,count/min
2019-01-07 19:29:56 +0100,75,count/min
2019-01-07 19:34:27 +0100,67,count/min
2019-01-07 19:36:36 +0100,69,count/min
2019-01-07 19:41:22 +0100,74,count/min
2019-01-07 19:47:42 +0100,67,count/min
2019-01-07 19:54:02 +0100,65,count/min
2019-01-07 19:55:27 +0100,68,count/min
2019-01-07 20:05:02 +0100,78,count/min
2019-01-07 20:08:39 +0100,62,count/min
2019-01-07 20:25:15 +0100,62,count/min
2019-01-07 20:29:36 +0100,66,count/min
2019-01-07 20:34:44 +0100,65,count/min
2019-01-07 20:38:07 +0100,66,count/min
2019-01-07 20:41:57 +0100,67,count/min
2019-01-07 20:46:24 +0100,67,count/min
2019-01-07 21:00:03 +0100,75,count/min
2019-01-07 21:01:28 +0100,71,count/min
2019-01-07 21:07:37 +0100,74,count/min
2019-01-07 21:15:04 +0100,82,count/min
2019-01-07 21:17:39 +0100,84,count/min
2019-01-07 21:23:45 +0100,77,count/min
2019-01-07 21:28:56 +0100,75,count/min
2019-01-07 21:31:24 +0100,79,count/min
2019-01-07 21:35:29 +0100,82,count/min
2019-01-07 21:41:14 +0100,69,count/min
2019-01-07 21:55:15 +0100,73,count/min
2019-01-07 21:58:44 +0100,79.1753,count/min
2019-01-07 21:58:29 +0100,73,count/min
2019-01-07 22:02:47 +0100,73,count/min
2019-01-07 22:09:41 +0100,75,count/min
2019-01-07 22:12:21 +0100,74,count/min
2019-01-07 22:20:04 +0100,71,count/min
2019-01-07 22:21:06 +0100,71,count/min
2019-01-08 00:06:28 +0100,85,count/min
2019-01-08 00:12:48 +0100,146,count/min
2019-01-08 00:17:19 +0100,156,count/min
2019-01-08 00:22:47 +0100,156,count/min
2019-01-08 00:29:31 +0100,156,count/min
2019-01-08 00:35:07 +0100,160,count/min
2019-01-08 00:38:48 +0100,161,count/min
2019-01-08 00:40:25 +0100,163,count/min
2019-01-08 00:46:21 +0100,157,count/min
2019-01-08 00:54:58 +0100,157,count/min
2019-01-08 00:59:17 +0100,156,count/min
2019-01-08 01:03:05 +0100,159,count/min
2019-01-08 01:05:19 +0100,155,count/min
2019-01-08 01:13:13 +0100,164,count/min
2019-01-08 01:20:09 +0100,161,count/min
2019-01-08 01:23:09 +0100,159,count/min
2019-01-08 01:27:03 +0100,159,count/min
2019-01-08 01:33:09 +0100,157,count/min
2019-01-08 08:59:20 +0100,81,count/min
2019-01-08 09:04:52 +0100,85,count/min
2019-01-08 09:06:55 +0100,81,count/min
2019-01-08 09:10:29 +0100,82,count/min
2019-01-08 09:18:06 +0100,74,count/min
2019-01-08 09:22:26 +0100,75,count/min
2019-01-08 09:27:12 +0100,77,count/min
2019-01-08 09:42:11 +0100,121,count/min
2019-01-08 09:44:45 +0100,122,count/min
2019-01-08 09:32:12 +0100,76,count/min
2019-01-08 09:49:14 +0100,97,count/min
2019-01-08 09:52:55 +0100,81,count/min
2019-01-08 10:01:45 +0100,82,count/min
2019-01-08 10:08:34 +0100,79,count/min
2019-01-08 10:15:13 +0100,84,count/min
2019-01-08 10:16:26 +0100,78,count/min
2019-01-08 10:24:02 +0100,91,count/min
2019-01-08 10:29:09 +0100,86,count/min
2019-01-08 10:32:38 +0100,78,count/min
2019-01-08 10:39:07 +0100,79,count/min
2019-01-08 10:41:25 +0100,65,count/min
2019-01-08 10:53:24 +0100,103,count/min
2019-01-08 10:47:58 +0100,71,count/min
2019-01-08 10:58:59 +0100,104,count/min
2019-01-08 11:02:49 +0100,104,count/min
2019-01-08 10:56:12 +0100,91,count/min
2019-01-08 11:04:24 +0100,79,count/min
2019-01-08 11:10:06 +0100,91,count/min
2019-01-08 11:06:50 +0100,77,count/min
2019-01-08 11:15:14 +0100,72,count/min
2019-01-08 11:19:04 +0100,74,count/min
2019-01-08 11:24:17 +0100,57,count/min
2019-01-08 11:29:53 +0100,65,count/min
2019-01-08 11:31:40 +0100,67,count/min
2019-01-08 11:36:07 +0100,68,count/min
2019-01-08 11:43:29 +0100,69,count/min
2019-01-08 11:48:20 +0100,66,count/min
2019-01-08 11:54:45 +0100,67,count/min
2019-01-08 11:55:47 +0100,69,count/min
2019-01-08 12:04:51 +0100,70,count/min
2019-01-08 12:09:52 +0100,63,count/min
2019-01-08 12:13:02 +0100,71,count/min
2019-01-08 12:18:46 +0100,65,count/min
2019-01-08 12:22:16 +0100,61,count/min
2019-01-08 12:29:43 +0100,63,count/min
2019-01-08 12:35:12 +0100,71,count/min
2019-01-08 12:37:07 +0100,68,count/min
2019-01-08 12:40:52 +0100,66,count/min
2019-01-08 12:47:07 +0100,67,count/min
2019-01-08 12:51:57 +0100,66,count/min
2019-01-08 12:58:34 +0100,67,count/min
2019-01-08 12:58:38 +0100,66,count/min
2019-01-08 12:58:44 +0100,66,count/min
2019-01-08 12:58:49 +0100,65,count/min
2019-01-08 12:58:52 +0100,65,count/min
2019-01-08 12:58:57 +0100,66,count/min
2019-01-08 12:59:02 +0100,65,count/min
2019-01-08 12:57:11 +0100,68,count/min
2019-01-08 13:02:56 +0100,69.1892,count/min
2019-01-08 13:02:43 +0100,71,count/min
2019-01-08 13:06:32 +0100,70,count/min
2019-01-08 13:13:33 +0100,67,count/min
2019-01-08 13:15:21 +0100,69,count/min
2019-01-08 13:20:58 +0100,65,count/min
2019-01-08 13:27:58 +0100,72,count/min
2019-01-08 13:30:38 +0100,70,count/min
2019-01-08 13:38:37 +0100,72,count/min
2019-01-08 13:44:57 +0100,69,count/min
2019-01-08 13:46:53 +0100,71,count/min
2019-01-08 13:54:13 +0100,77,count/min
2019-01-08 13:55:41 +0100,84,count/min
2019-01-08 14:04:19 +0100,64,count/min
2019-01-08 14:07:27 +0100,74,count/min
2019-01-08 14:11:08 +0100,67,count/min
2019-01-08 14:18:47 +0100,72,count/min
2019-01-08 14:23:35 +0100,69,count/min
2019-01-08 14:28:43 +0100,67,count/min
2019-01-08 14:30:41 +0100,65,count/min
2019-01-08 14:38:56 +0100,62,count/min
2019-01-08 14:43:53 +0100,70,count/min
2019-01-08 14:49:35 +0100,71,count/min
2019-01-08 14:53:56 +0100,78,count/min
2019-01-08 15:14:14 +0100,95,count/min
2019-01-08 14:55:45 +0100,74,count/min
2019-01-08 15:50:40 +0100,60,count/min
2019-01-08 15:55:53 +0100,61,count/min
2019-01-08 16:01:01 +0100,85,count/min
2019-01-08 16:05:32 +0100,88,count/min
2019-01-08 16:10:53 +0100,74,count/min
2019-01-08 16:18:58 +0100,71,count/min
2019-01-08 16:21:31 +0100,80,count/min
2019-01-08 16:25:43 +0100,58,count/min
2019-01-08 16:33:13 +0100,71,count/min
2019-01-08 16:40:05 +0100,71,count/min
2019-01-08 16:42:51 +0100,71,count/min
2019-01-08 16:45:28 +0100,66,count/min
2019-01-08 16:50:26 +0100,80,count/min
2019-01-08 16:59:59 +0100,71,count/min
2019-01-08 17:04:47 +0100,74,count/min
2019-01-08 17:06:09 +0100,78,count/min
2019-01-08 17:14:31 +0100,76,count/min
2019-01-08 17:15:34 +0100,80,count/min
2019-01-08 17:21:30 +0100,75,count/min
2019-01-08 17:28:06 +0100,77,count/min
2019-01-08 17:33:37 +0100,81,count/min
2019-01-08 17:40:01 +0100,78,count/min
2019-01-08 17:43:16 +0100,72,count/min
2019-01-08 17:47:46 +0100,72,count/min
2019-01-08 17:51:02 +0100,78,count/min
2019-01-08 17:59:11 +0100,75,count/min
2019-01-08 18:03:31 +0100,72,count/min
2019-01-08 18:07:29 +0100,78,count/min
2019-01-08 18:14:43 +0100,71,count/min
2019-01-08 18:18:26 +0100,74,count/min
2019-01-08 18:22:11 +0100,69,count/min
2019-01-08 18:30:00 +0100,78,count/min
2019-01-08 18:32:27 +0100,84,count/min
2019-01-08 18:38:23 +0100,70,count/min
2019-01-08 18:42:30 +0100,59,count/min
2019-01-08 18:50:14 +0100,66,count/min
2019-01-08 18:52:36 +0100,67,count/min
2019-01-08 18:59:35 +0100,71,count/min
2019-01-08 19:03:23 +0100,67,count/min
2019-01-08 19:06:32 +0100,69,count/min
2019-01-08 19:12:49 +0100,61,count/min
2019-01-08 19:18:32 +0100,66,count/min
2019-01-08 19:24:44 +0100,67,count/min
2019-01-08 19:29:19 +0100,68,count/min
2019-01-08 19:30:47 +0100,69,count/min
2019-01-08 19:36:56 +0100,63,count/min
2019-01-08 19:44:52 +0100,61,count/min
2019-01-08 19:52:03 +0100,63,count/min
2019-01-08 19:59:32 +0100,69,count/min
2019-01-08 20:01:25 +0100,58,count/min
2019-01-08 20:07:47 +0100,69,count/min
2019-01-08 20:17:30 +0100,70,count/min
2019-01-08 20:29:22 +0100,77,count/min
2019-01-08 20:31:09 +0100,82,count/min
2019-01-08 20:44:30 +0100,67,count/min
2019-01-08 20:46:02 +0100,70,count/min
2019-01-08 20:53:34 +0100,73,count/min
2019-01-08 20:59:49 +0100,75,count/min
2019-01-08 21:01:54 +0100,79,count/min
2019-01-08 21:08:58 +0100,76,count/min
2019-01-08 21:15:11 +0100,75,count/min
2019-01-08 21:19:34 +0100,81,count/min
2019-01-08 21:21:03 +0100,73,count/min
2019-01-08 21:26:51 +0100,72,count/min
2019-01-08 21:34:57 +0100,63,count/min
2019-01-08 21:39:48 +0100,76,count/min
2019-01-08 21:41:11 +0100,84,count/min
2019-01-08 21:49:43 +0100,84,count/min
2019-01-08 21:53:21 +0100,78,count/min
2019-01-08 21:56:35 +0100,87,count/min
2019-01-08 22:01:41 +0100,78,count/min
2019-01-08 22:08:30 +0100,84,count/min
2019-01-08 22:18:50 +0100,82,count/min
2019-01-08 22:22:57 +0100,79,count/min
2019-01-08 22:28:01 +0100,76,count/min
2019-01-08 22:32:05 +0100,81,count/min
2019-01-08 22:38:23 +0100,76,count/min
2019-01-08 22:44:19 +0100,77,count/min
2019-01-08 22:46:40 +0100,77,count/min
2019-01-08 22:50:44 +0100,75,count/min
2019-01-08 22:56:34 +0100,74,count/min
2019-01-08 23:04:58 +0100,75,count/min
2019-01-08 23:06:05 +0100,73,count/min
2019-01-08 23:11:09 +0100,75,count/min
2019-01-09 08:56:25 +0100,89,count/min
2019-01-09 09:03:34 +0100,89,count/min
2019-01-09 09:06:37 +0100,91.7023,count/min
2019-01-09 09:06:37 +0100,89,count/min
2019-01-09 09:13:56 +0100,85,count/min
2019-01-09 09:19:07 +0100,89,count/min
2019-01-09 09:22:40 +0100,93,count/min
2019-01-09 09:28:33 +0100,89,count/min
2019-01-09 09:35:08 +0100,97,count/min
2019-01-09 09:49:08 +0100,122,count/min
2019-01-09 09:51:47 +0100,118,count/min
2019-01-09 10:04:01 +0100,105,count/min
2019-01-09 10:09:03 +0100,112,count/min
2019-01-09 10:10:38 +0100,107,count/min
2019-01-09 10:23:19 +0100,99,count/min
2019-01-09 10:33:52 +0100,91,count/min
2019-01-09 10:36:13 +0100,92,count/min
2019-01-09 10:44:33 +0100,89,count/min
2019-01-09 10:47:17 +0100,91,count/min
2019-01-09 10:52:09 +0100,90,count/min
2019-01-09 10:56:03 +0100,90,count/min
2019-01-09 11:03:00 +0100,94,count/min
2019-01-09 11:07:00 +0100,86,count/min
2019-01-09 11:14:54 +0100,81,count/min
2019-01-09 11:19:00 +0100,89,count/min
2019-01-09 11:20:46 +0100,82,count/min
2019-01-09 11:25:39 +0100,84,count/min
2019-01-09 11:44:37 +0100,81,count/min
2019-01-09 11:46:54 +0100,75,count/min
2019-01-09 11:52:11 +0100,82,count/min
2019-01-09 11:59:34 +0100,78,count/min
2019-01-09 12:04:56 +0100,78,count/min
2019-01-09 12:08:41 +0100,81,count/min
2019-01-09 12:13:54 +0100,69,count/min
2019-01-09 12:15:23 +0100,75,count/min
2019-01-09 12:24:07 +0100,79,count/min
2019-01-09 12:29:27 +0100,75,count/min
2019-01-09 12:30:35 +0100,61,count/min
2019-01-09 12:37:24 +0100,69,count/min
2019-01-09 12:44:05 +0100,73,count/min
2019-01-09 12:46:55 +0100,80,count/min
2019-01-09 12:55:09 +0100,74,count/min
2019-01-09 12:56:11 +0100,76,count/min
2019-01-09 13:03:39 +0100,73,count/min
2019-01-09 13:09:33 +0100,69,count/min
2019-01-09 13:12:45 +0100,72,count/min
2019-01-09 13:18:28 +0100,72,count/min
2019-01-09 13:24:02 +0100,66,count/min
2019-01-09 13:27:28 +0100,68,count/min
2019-01-09 13:30:33 +0100,72,count/min
2019-01-09 13:36:29 +0100,72,count/min
2019-01-09 13:45:10 +0100,69,count/min
2019-01-09 13:49:22 +0100,71,count/min
2019-01-09 13:51:10 +0100,70,count/min
2019-01-09 13:56:34 +0100,69,count/min
2019-01-09 14:01:04 +0100,72,count/min
2019-01-09 14:10:14 +0100,72,count/min
2019-01-09 14:11:45 +0100,82,count/min
2019-01-09 14:18:29 +0100,83,count/min
2019-01-09 14:21:45 +0100,84,count/min
2019-01-09 14:26:08 +0100,83,count/min
2019-01-09 14:33:31 +0100,82,count/min
2019-01-09 14:43:13 +0100,83,count/min
2019-01-09 14:49:52 +0100,76,count/min
2019-01-09 14:54:33 +0100,81,count/min
2019-01-09 14:57:39 +0100,85,count/min
2019-01-09 15:04:51 +0100,78,count/min
2019-01-09 15:07:34 +0100,80,count/min
2019-01-09 15:11:50 +0100,74,count/min
2019-01-09 15:15:51 +0100,85,count/min
2019-01-09 15:23:42 +0100,79,count/min
2019-01-09 15:28:26 +0100,83,count/min
2019-01-09 15:32:54 +0100,90,count/min
2019-01-09 15:37:31 +0100,82,count/min
2019-01-09 15:43:52 +0100,78,count/min
2019-01-09 15:49:24 +0100,79,count/min
2019-01-09 15:54:29 +0100,82,count/min
2019-01-09 15:55:41 +0100,85,count/min
2019-01-09 16:02:09 +0100,81,count/min
2019-01-09 16:06:17 +0100,82,count/min
2019-01-09 16:11:52 +0100,90,count/min
2019-01-09 16:19:57 +0100,83,count/min
2019-01-09 16:23:01 +0100,78,count/min
2019-01-09 16:29:41 +0100,83,count/min
2019-01-09 16:33:30 +0100,81,count/min
2019-01-09 16:39:49 +0100,94,count/min
2019-01-09 16:43:30 +0100,82,count/min
2019-01-09 16:45:59 +0100,77,count/min
2019-01-09 16:50:51 +0100,70,count/min
2019-01-09 16:57:59 +0100,81,count/min
2019-01-09 17:02:09 +0100,79,count/min
2019-01-09 17:08:14 +0100,70.137,count/min
2019-01-09 17:08:04 +0100,71,count/min
2019-01-09 17:11:00 +0100,72,count/min
2019-01-09 17:17:05 +0100,78,count/min
2019-01-09 17:25:13 +0100,72,count/min
2019-01-09 17:29:46 +0100,76,count/min
2019-01-09 17:32:25 +0100,86,count/min
2019-01-09 17:39:19 +0100,70,count/min
2019-01-09 17:40:46 +0100,72,count/min
2019-01-09 17:49:17 +0100,76,count/min
2019-01-09 17:50:25 +0100,76,count/min
2019-01-09 17:59:51 +0100,72,count/min
2019-01-09 18:04:59 +0100,73,count/min
2019-01-09 18:08:09 +0100,71,count/min
2019-01-09 18:11:48 +0100,73,count/min
2019-01-09 18:16:48 +0100,76,count/min
2019-01-09 18:24:37 +0100,81,count/min
2019-01-09 18:29:31 +0100,75,count/min
2019-01-09 18:32:07 +0100,77,count/min
2019-01-09 18:38:48 +0100,85,count/min
2019-01-09 18:42:20 +0100,76,count/min
2019-01-09 18:49:14 +0100,69,count/min
2019-01-09 18:54:27 +0100,69,count/min
2019-01-09 18:55:41 +0100,75,count/min
2019-01-09 19:00:17 +0100,74,count/min
2019-01-09 19:07:06 +0100,68,count/min
2019-01-09 19:13:13 +0100,73,count/min
2019-01-09 19:13:18 +0100,64,count/min
2019-01-09 19:13:23 +0100,62,count/min
2019-01-09 19:13:26 +0100,63,count/min
2019-01-09 19:13:30 +0100,63,count/min
2019-01-09 19:10:44 +0100,66,count/min
2019-01-09 19:15:20 +0100,64,count/min
2019-01-09 19:23:43 +0100,64,count/min
2019-01-09 19:28:59 +0100,72,count/min
2019-01-09 19:32:04 +0100,74,count/min
2019-01-09 19:37:26 +0100,74,count/min
2019-01-09 19:49:50 +0100,72,count/min
2019-01-09 19:51:21 +0100,72,count/min
2019-01-09 19:56:30 +0100,71,count/min
2019-01-09 20:00:41 +0100,69,count/min
2019-01-09 20:08:13 +0100,79,count/min
2019-01-09 20:10:54 +0100,71,count/min
2019-01-09 20:24:12 +0100,87,count/min
2019-01-09 20:27:19 +0100,73,count/min
2019-01-09 20:31:36 +0100,74,count/min
2019-01-09 20:39:58 +0100,71,count/min
2019-01-09 20:43:51 +0100,73,count/min
2019-01-09 20:49:46 +0100,78,count/min
2019-01-09 20:51:09 +0100,78,count/min
2019-01-09 20:55:56 +0100,66,count/min
2019-01-09 21:04:18 +0100,69,count/min
2019-01-09 21:07:19 +0100,78,count/min
2019-01-09 21:10:25 +0100,72,count/min
2019-01-09 21:19:41 +0100,78,count/min
2019-01-09 21:21:35 +0100,80,count/min
2019-01-09 21:28:05 +0100,77,count/min
2019-01-09 21:34:15 +0100,78,count/min
2019-01-09 21:36:24 +0100,76,count/min
2019-01-09 21:43:02 +0100,75,count/min
2019-01-09 21:48:54 +0100,73,count/min
2019-01-09 21:53:53 +0100,75,count/min
2019-01-09 22:03:46 +0100,77,count/min
2019-01-09 22:09:16 +0100,84,count/min
2019-01-09 22:12:39 +0100,80,count/min
2019-01-09 22:20:06 +0100,81,count/min
2019-01-09 22:25:15 +0100,79,count/min
2019-01-09 22:26:31 +0100,82,count/min
2019-01-09 22:33:51 +0100,79,count/min
2019-01-09 22:40:06 +0100,89,count/min
2019-01-09 22:45:59 +0100,87,count/min
2019-01-09 22:54:20 +0100,77,count/min
2019-01-09 22:59:10 +0100,74,count/min
2019-01-09 23:00:26 +0100,74,count/min
2019-01-10 08:53:26 +0100,76,count/min
2019-01-10 08:55:29 +0100,88,count/min
2019-01-10 09:03:54 +0100,81,count/min
2019-01-10 09:08:59 +0100,88,count/min
2019-01-10 09:11:12 +0100,82,count/min
2019-01-10 09:19:41 +0100,80,count/min
2019-01-10 09:25:05 +0100,80,count/min
2019-01-10 09:34:46 +0100,105,count/min
2019-01-10 09:31:11 +0100,115,count/min
2019-01-10 09:36:47 +0100,112,count/min
2019-01-10 09:42:13 +0100,99,count/min
2019-01-10 09:47:51 +0100,97,count/min
2019-01-10 09:54:40 +0100,119,count/min
2019-01-10 09:52:09 +0100,92,count/min
2019-01-10 09:58:00 +0100,105,count/min
2019-01-10 10:04:26 +0100,91,count/min
2019-01-10 10:09:34 +0100,91,count/min
2019-01-10 10:11:42 +0100,92,count/min
2019-01-10 10:21:34 +0100,108,count/min
2019-01-10 10:15:59 +0100,88,count/min
2019-01-10 10:28:35 +0100,115,count/min
2019-01-10 10:22:57 +0100,93,count/min
2019-01-10 10:29:30 +0100,100,count/min
2019-01-10 10:34:14 +0100,92,count/min
2019-01-10 10:36:48 +0100,89,count/min
2019-01-10 10:42:54 +0100,86,count/min
2019-01-10 10:48:04 +0100,87,count/min
2019-01-10 10:50:35 +0100,85,count/min
2019-01-10 10:58:57 +0100,77,count/min
2019-01-10 11:01:12 +0100,81,count/min
2019-01-10 11:09:26 +0100,79,count/min
2019-01-10 11:11:27 +0100,81,count/min
2019-01-10 11:18:33 +0100,81,count/min
2019-01-10 11:21:46 +0100,78,count/min
2019-01-10 11:28:32 +0100,76,count/min
2019-01-10 11:30:25 +0100,78,count/min
2019-01-10 11:40:04 +0100,78,count/min
2019-01-10 11:44:47 +0100,80,count/min
2019-01-10 11:47:07 +0100,79,count/min
2019-01-10 11:54:53 +0100,73,count/min
2019-01-10 11:57:19 +0100,75,count/min
2019-01-10 12:01:26 +0100,80,count/min
2019-01-10 12:05:33 +0100,82,count/min
2019-01-10 12:12:38 +0100,81,count/min
2019-01-10 12:17:05 +0100,80,count/min
2019-01-10 12:23:04 +0100,74,count/min
2019-01-10 12:29:05 +0100,73,count/min
2019-01-10 12:33:22 +0100,69,count/min
2019-01-10 12:37:36 +0100,76,count/min
2019-01-10 12:52:40 +0100,95,count/min
2019-01-10 12:44:33 +0100,64,count/min
2019-01-10 13:00:45 +0100,86,count/min
2019-01-10 13:03:40 +0100,71,count/min
2019-01-10 12:53:14 +0100,78,count/min
2019-01-10 13:04:11 +0100,62,count/min
2019-01-10 13:09:25 +0100,83,count/min
2019-01-10 13:22:04 +0100,93,count/min
2019-01-10 13:26:53 +0100,70,count/min
2019-01-10 13:33:09 +0100,67,count/min
2019-01-10 13:45:03 +0100,82,count/min
2019-01-10 13:48:11 +0100,75,count/min
2019-01-10 13:54:16 +0100,71,count/min
2019-01-10 14:03:18 +0100,86,count/min
2019-01-10 13:58:14 +0100,72,count/min
2019-01-10 14:04:21 +0100,75,count/min
2019-01-10 14:07:42 +0100,78,count/min
2019-01-10 14:12:39 +0100,69,count/min
2019-01-10 14:21:01 +0100,92,count/min
2019-01-10 14:17:56 +0100,78,count/min
2019-01-10 14:25:03 +0100,117,count/min
2019-01-10 14:21:32 +0100,75,count/min
2019-01-10 14:25:22 +0100,82,count/min
2019-01-10 14:34:21 +0100,93,count/min
2019-01-10 14:38:46 +0100,110,count/min
2019-01-10 14:39:28 +0100,100,count/min
2019-01-10 14:45:53 +0100,112,count/min
2019-01-10 14:42:53 +0100,99,count/min
2019-01-10 14:50:07 +0100,83,count/min
2019-01-10 14:55:16 +0100,89,count/min
2019-01-10 14:58:38 +0100,85,count/min
2019-01-10 15:04:48 +0100,87,count/min
2019-01-10 15:09:14 +0100,87,count/min
2019-01-10 15:10:34 +0100,85,count/min
2019-01-10 15:19:42 +0100,89,count/min
2019-01-10 15:22:13 +0100,93,count/min
2019-01-10 15:26:43 +0100,90,count/min
2019-01-10 15:35:09 +0100,89,count/min
2019-01-10 15:39:31 +0100,92,count/min
2019-01-10 15:41:30 +0100,85,count/min
2019-01-10 15:47:26 +0100,92,count/min
2019-01-10 15:54:07 +0100,90,count/min
2019-01-10 15:55:26 +0100,91,count/min
2019-01-10 16:04:17 +0100,92,count/min
2019-01-10 16:10:06 +0100,80,count/min
2019-01-10 16:11:54 +0100,95,count/min
2019-01-10 16:15:34 +0100,84,count/min
2019-01-10 16:24:18 +0100,81,count/min
2019-01-10 16:26:52 +0100,82,count/min
2019-01-10 16:31:26 +0100,81,count/min
2019-01-10 16:37:16 +0100,81,count/min
2019-01-10 16:40:28 +0100,83,count/min
2019-01-10 16:45:22 +0100,82,count/min
2019-01-10 16:54:38 +0100,79,count/min
2019-01-10 16:59:38 +0100,82,count/min
2019-01-10 17:02:07 +0100,81,count/min
2019-01-10 17:06:28 +0100,78,count/min
2019-01-10 17:12:22 +0100,82,count/min
2019-01-10 17:19:36 +0100,84,count/min
2019-01-10 17:25:03 +0100,81,count/min
2019-01-10 17:29:25 +0100,81,count/min
2019-01-10 17:34:37 +0100,82,count/min
2019-01-10 17:37:25 +0100,76,count/min
2019-01-10 17:44:18 +0100,77,count/min
2019-01-10 17:47:57 +0100,77,count/min
2019-01-10 17:53:06 +0100,77,count/min
2019-01-10 17:55:33 +0100,75,count/min
2019-01-10 18:05:09 +0100,77,count/min
2019-01-10 18:09:00 +0100,78,count/min
2019-01-10 18:13:50 +0100,73,count/min
2019-01-10 18:15:18 +0100,75,count/min
2019-01-10 18:23:18 +0100,73,count/min
2019-01-10 18:27:23 +0100,77,count/min
2019-01-10 18:30:20 +0100,71,count/min
2019-01-10 18:37:32 +0100,77,count/min
2019-01-10 18:44:04 +0100,81,count/min
2019-01-10 18:48:34 +0100,75,count/min
2019-01-10 18:52:30 +0100,78,count/min
2019-01-10 18:57:24 +0100,77,count/min
2019-01-10 19:02:50 +0100,72,count/min
2019-01-10 19:06:30 +0100,74,count/min
2019-01-10 19:15:00 +0100,74,count/min
2019-01-10 19:17:31 +0100,76,count/min
2019-01-10 19:25:16 +0100,74,count/min
2019-01-10 19:26:24 +0100,76,count/min
2019-01-10 19:33:24 +0100,74,count/min
2019-01-10 19:36:15 +0100,73,count/min
2019-01-10 19:42:59 +0100,72,count/min
2019-01-10 19:48:06 +0100,68,count/min
2019-01-10 19:53:30 +0100,73,count/min
2019-01-10 19:58:40 +0100,70,count/min
2019-01-10 20:06:23 +0100,63,count/min
2019-01-10 20:10:26 +0100,68,count/min
2019-01-10 20:16:54 +0100,67,count/min
2019-01-10 20:28:55 +0100,65,count/min
2019-01-10 20:33:50 +0100,73,count/min
2019-01-10 20:35:20 +0100,79,count/min
2019-01-10 20:45:15 +0100,70,count/min
2019-01-10 20:47:36 +0100,66,count/min
2019-01-10 20:51:31 +0100,73,count/min
2019-01-10 20:59:25 +0100,77,count/min
2019-01-10 21:05:03 +0100,69,count/min
2019-01-10 21:06:05 +0100,75,count/min
2019-01-10 21:14:18 +0100,78,count/min
2019-01-10 21:15:54 +0100,75,count/min
2019-01-10 21:20:20 +0100,69,count/min
2019-01-10 21:27:53 +0100,80,count/min
2019-01-10 21:33:59 +0100,80,count/min
2019-01-10 21:35:31 +0100,84,count/min
2019-01-10 21:44:29 +0100,75,count/min
2019-01-10 21:49:14 +0100,80,count/min
2019-01-10 21:52:47 +0100,75,count/min
2019-01-10 21:59:34 +0100,83,count/min
2019-01-10 22:02:42 +0100,70,count/min
2019-01-10 22:07:55 +0100,72,count/min
2019-01-10 22:11:08 +0100,89,count/min
2019-01-10 22:18:04 +0100,81,count/min
2019-01-10 22:20:45 +0100,82,count/min
2019-01-10 22:36:28 +0100,56,count/min
2019-01-10 22:43:36 +0100,90,count/min
2019-01-10 22:49:05 +0100,82,count/min
2019-01-10 22:54:21 +0100,80,count/min
2019-01-10 22:56:51 +0100,81,count/min
2019-01-10 23:05:10 +0100,79,count/min
2019-01-10 23:09:00 +0100,80,count/min
2019-01-10 23:11:04 +0100,78,count/min
2019-01-10 23:19:38 +0100,79,count/min
2019-01-10 23:24:28 +0100,76,count/min
2019-01-10 23:28:14 +0100,79,count/min
2019-01-10 23:34:52 +0100,79,count/min
2019-01-10 23:36:42 +0100,82,count/min
2019-01-10 23:43:02 +0100,77,count/min
2019-01-10 23:46:18 +0100,70,count/min
2019-01-10 23:52:32 +0100,77,count/min
2019-01-10 23:56:16 +0100,74,count/min
2019-01-11 00:02:37 +0100,77,count/min
2019-01-11 00:06:05 +0100,77,count/min
2019-01-11 00:22:32 +0100,74,count/min
2019-01-11 00:37:13 +0100,64,count/min
2019-01-11 09:35:10 +0100,71,count/min
2019-01-11 09:42:43 +0100,94,count/min
2019-01-11 09:48:39 +0100,97,count/min
2019-01-11 09:55:05 +0100,92,count/min
2019-01-11 09:58:34 +0100,105,count/min
2019-01-11 10:09:18 +0100,83,count/min
2019-01-11 10:12:35 +0100,105,count/min
2019-01-11 10:16:21 +0100,88,count/min
2019-01-11 10:26:31 +0100,116,count/min
2019-01-11 10:22:04 +0100,87,count/min
2019-01-11 10:34:55 +0100,98,count/min
2019-01-11 10:36:33 +0100,93,count/min
2019-01-11 10:44:41 +0100,91,count/min
2019-01-11 10:46:23 +0100,92.5301,count/min
2019-01-11 10:48:02 +0100,92,count/min
2019-01-11 10:53:31 +0100,92,count/min
2019-01-11 10:58:49 +0100,93,count/min
2019-01-11 11:02:48 +0100,87,count/min
2019-01-11 11:09:48 +0100,82,count/min
2019-01-11 11:10:59 +0100,78,count/min
2019-01-11 11:18:19 +0100,81,count/min
2019-01-11 11:20:59 +0100,85,count/min
2019-01-11 11:25:54 +0100,80,count/min
2019-01-11 11:35:05 +0100,82,count/min
2019-01-11 11:39:16 +0100,79,count/min
2019-01-11 11:42:47 +0100,73,count/min
2019-01-11 11:49:53 +0100,81,count/min
2019-01-11 11:52:46 +0100,82,count/min
2019-01-11 11:58:12 +0100,84,count/min
2019-01-11 12:01:19 +0100,79,count/min
2019-01-11 12:06:32 +0100,80,count/min
2019-01-11 12:13:05 +0100,82,count/min
2019-01-11 12:19:18 +0100,86,count/min
2019-01-11 12:23:45 +0100,76,count/min
2019-01-11 12:25:51 +0100,87,count/min
2019-01-11 12:30:48 +0100,73,count/min
2019-01-11 12:35:47 +0100,79,count/min
2019-01-11 12:44:11 +0100,77,count/min
2019-01-11 12:49:51 +0100,71,count/min
2019-01-11 12:55:13 +0100,69,count/min
2019-01-11 12:51:42 +0100,74,count/min
2019-01-11 12:59:37 +0100,81,count/min
2019-01-11 13:05:14 +0100,78,count/min
2019-01-11 13:09:21 +0100,68,count/min
2019-01-11 13:12:12 +0100,69,count/min
2019-01-11 13:18:35 +0100,68,count/min
2019-01-11 13:21:25 +0100,71,count/min
2019-01-11 13:26:00 +0100,75,count/min
2019-01-11 13:34:26 +0100,72,count/min
2019-01-11 13:36:49 +0100,73,count/min
2019-01-11 13:44:41 +0100,75,count/min
2019-01-11 13:48:46 +0100,75,count/min
2019-01-11 13:51:26 +0100,69,count/min
2019-01-11 13:56:51 +0100,77,count/min
2019-01-11 14:00:30 +0100,76,count/min
2019-01-11 14:07:16 +0100,75,count/min
2019-01-11 14:14:54 +0100,87,count/min
2019-01-11 14:19:21 +0100,73,count/min
2019-01-11 14:21:56 +0100,56,count/min
2019-01-11 14:25:35 +0100,77,count/min
2019-01-11 14:40:10 +0100,56,count/min
2019-01-11 14:44:25 +0100,83,count/min
2019-01-11 14:48:54 +0100,71,count/min
2019-01-11 14:50:18 +0100,73,count/min
2019-01-11 14:58:26 +0100,89,count/min
2019-01-11 15:03:23 +0100,90,count/min
2019-01-11 15:05:17 +0100,93,count/min
2019-01-11 15:14:37 +0100,92,count/min
2019-01-11 15:20:58 +0100,90,count/min
2019-01-11 15:21:03 +0100,85,count/min
2019-01-11 15:21:08 +0100,84,count/min
2019-01-11 15:21:13 +0100,84,count/min
2019-01-11 15:24:50 +0100,93,count/min
2019-01-11 15:26:53 +0100,92,count/min
2019-01-11 15:30:36 +0100,83,count/min
2019-01-11 15:35:23 +0100,87,count/min
2019-01-11 15:42:55 +0100,92,count/min
2019-01-11 15:45:33 +0100,84,count/min
2019-01-11 15:53:59 +0100,86,count/min
2019-01-11 15:58:55 +0100,83,count/min
2019-01-11 16:01:15 +0100,92,count/min
2019-01-11 16:05:26 +0100,87,count/min
2019-01-11 16:13:28 +0100,78,count/min
2019-01-11 16:16:59 +0100,85,count/min
2019-01-11 16:23:52 +0100,85,count/min
2019-01-11 16:27:45 +0100,85,count/min
2019-01-11 16:34:54 +0100,77,count/min
2019-01-11 16:40:13 +0100,88,count/min
2019-01-11 16:41:45 +0100,82,count/min
2019-01-11 16:48:27 +0100,79,count/min
2019-01-11 16:54:10 +0100,84,count/min
2019-01-11 16:57:42 +0100,82,count/min
2019-01-11 17:01:24 +0100,88.2788,count/min
2019-01-11 17:02:43 +0100,89,count/min
2019-01-11 17:06:07 +0100,81,count/min
2019-01-11 17:11:55 +0100,84,count/min
2019-01-11 17:19:25 +0100,82,count/min
2019-01-11 17:21:57 +0100,88,count/min
2019-01-11 17:26:30 +0100,89,count/min
2019-01-11 17:30:38 +0100,87,count/min
2019-01-11 17:37:44 +0100,86,count/min
2019-01-11 17:45:04 +0100,92,count/min
2019-01-11 17:56:44 +0100,78,count/min
2019-01-11 18:34:23 +0100,89,count/min
2019-01-11 18:42:14 +0100,69,count/min
2019-01-11 18:45:37 +0100,91,count/min
2019-01-11 18:50:17 +0100,79,count/min
2019-01-11 19:07:37 +0100,97,count/min
2019-01-11 18:59:59 +0100,79,count/min
2019-01-11 19:09:41 +0100,85,count/min
2019-01-11 19:12:34 +0100,85,count/min
2019-01-11 19:15:27 +0100,74,count/min
2019-01-11 19:28:11 +0100,84,count/min
2019-01-11 19:39:57 +0100,78,count/min
2019-01-11 19:48:48 +0100,84,count/min
2019-01-11 19:52:42 +0100,85,count/min
2019-01-11 19:57:41 +0100,92,count/min
2019-01-11 20:03:33 +0100,86,count/min
2019-01-11 20:07:43 +0100,89,count/min
2019-01-11 20:12:49 +0100,98,count/min
2019-01-11 20:18:50 +0100,97,count/min
2019-01-11 20:29:46 +0100,87,count/min
2019-01-11 20:30:59 +0100,80,count/min
2019-01-11 20:39:06 +0100,89,count/min
2019-01-11 20:41:46 +0100,89,count/min
2019-01-11 20:49:04 +0100,80,count/min
2019-01-11 20:53:50 +0100,79,count/min
2019-01-11 20:59:24 +0100,84,count/min
2019-01-11 21:01:38 +0100,83,count/min
2019-01-11 21:08:00 +0100,86,count/min
2019-01-11 21:14:08 +0100,93,count/min
2019-01-11 21:18:42 +0100,85.0976,count/min
2019-01-11 21:18:42 +0100,83,count/min
2019-01-11 21:21:21 +0100,79,count/min
2019-01-11 21:30:07 +0100,85,count/min
2019-01-11 21:31:11 +0100,82,count/min
2019-01-11 21:38:19 +0100,84,count/min
2019-01-11 21:40:39 +0100,85,count/min
2019-01-12 10:03:19 +0100,81,count/min
2019-01-12 10:08:13 +0100,89,count/min
2019-01-12 10:15:09 +0100,84,count/min
2019-01-12 10:26:00 +0100,90,count/min
2019-01-12 10:31:56 +0100,88,count/min
2019-01-12 10:37:54 +0100,88,count/min
2019-01-12 10:45:00 +0100,91,count/min
2019-01-12 10:46:39 +0100,92,count/min
2019-01-12 10:52:57 +0100,96,count/min
2019-01-12 11:02:38 +0100,84,count/min
2019-01-12 11:08:50 +0100,85,count/min
2019-01-12 11:11:52 +0100,80,count/min
2019-01-12 11:15:37 +0100,76,count/min
2019-01-12 11:24:17 +0100,87,count/min
2019-01-12 11:32:51 +0100,82,count/min
2019-01-12 11:55:55 +0100,87,count/min
2019-01-13 11:06:42 +0100,90,count/min
2019-01-13 11:13:12 +0100,81,count/min
2019-01-13 11:16:34 +0100,97,count/min
2019-01-13 11:09:47 +0100,85,count/min
2019-01-13 11:18:56 +0100,82,count/min
2019-01-13 11:25:05 +0100,90,count/min
2019-01-13 11:32:57 +0100,96,count/min
2019-01-13 11:41:09 +0100,94,count/min
2019-01-13 11:44:39 +0100,92,count/min
2019-01-13 11:52:53 +0100,86,count/min
2019-01-13 12:02:04 +0100,86,count/min
2019-01-13 12:26:44 +0100,90,count/min
2019-01-13 12:30:21 +0100,79,count/min
2019-01-13 12:34:34 +0100,82,count/min
2019-01-13 12:39:15 +0100,80,count/min
2019-01-13 12:47:35 +0100,77,count/min
2019-01-13 12:51:13 +0100,81,count/min
2019-01-13 12:54:00 +0100,83,count/min
2019-01-13 13:02:39 +0100,79,count/min
2019-01-13 13:15:13 +0100,80,count/min
2019-01-13 13:42:13 +0100,77,count/min
2019-01-13 13:29:15 +0100,82,count/min
2019-01-13 13:56:13 +0100,83,count/min
2019-01-13 13:42:55 +0100,79,count/min
2019-01-13 14:08:58 +0100,89,count/min
2019-01-13 14:17:07 +0100,88,count/min
2019-01-13 14:20:49 +0100,83,count/min
2019-01-13 14:39:11 +0100,89,count/min
2019-01-13 14:27:08 +0100,83,count/min
2019-01-13 14:52:42 +0100,90,count/min
2019-01-13 14:55:46 +0100,82,count/min
2019-01-13 14:59:34 +0100,81,count/min
2019-01-13 15:13:30 +0100,89,count/min
2019-01-13 15:15:02 +0100,77,count/min
2019-01-13 15:36:04 +0100,99,count/min
2019-01-13 15:39:10 +0100,78,count/min
2019-01-13 16:03:27 +0100,88,count/min
2019-01-13 16:08:18 +0100,83,count/min
2019-01-13 16:12:45 +0100,75,count/min
2019-01-13 16:14:22 +0100,70.2979,count/min
2019-01-13 16:15:47 +0100,69,count/min
2019-01-13 16:18:44 +0100,81,count/min
2019-01-13 16:26:39 +0100,73,count/min
2019-01-13 16:29:09 +0100,75,count/min
2019-01-13 16:37:04 +0100,76,count/min
2019-01-13 16:39:51 +0100,73,count/min
2019-01-13 16:48:29 +0100,80.2094,count/min
2019-01-13 16:47:07 +0100,76,count/min
2019-01-13 16:49:54 +0100,80,count/min
2019-01-13 16:55:57 +0100,81,count/min
2019-01-13 17:03:19 +0100,88,count/min
2019-01-13 17:05:41 +0100,78,count/min
2019-01-13 17:09:04 +0100,75,count/min
2019-01-13 17:18:12 +0100,76,count/min
2019-01-13 17:19:45 +0100,71,count/min
2019-01-13 17:23:51 +0100,79,count/min
2019-01-13 17:33:34 +0100,73,count/min
2019-01-13 17:38:07 +0100,73,count/min
2019-01-13 17:39:14 +0100,73,count/min
2019-01-13 17:46:20 +0100,72,count/min
2019-01-13 17:53:35 +0100,73,count/min
2019-01-13 17:57:45 +0100,75,count/min
2019-01-13 18:01:06 +0100,73,count/min
2019-01-13 18:04:44 +0100,72,count/min
2019-01-13 18:10:57 +0100,67,count/min
2019-01-13 18:15:11 +0100,70,count/min
2019-01-13 18:21:52 +0100,70,count/min
2019-01-13 18:25:07 +0100,76,count/min
2019-01-13 18:28:57 +0100,79,count/min
2019-01-13 18:36:21 +0100,81,count/min
2019-01-13 18:43:16 +0100,73,count/min
2019-01-13 18:46:52 +0100,83,count/min
2019-01-13 18:48:50 +0100,78,count/min
2019-01-13 18:54:30 +0100,68,count/min
2019-01-13 19:05:02 +0100,65,count/min
2019-01-13 19:08:49 +0100,69,count/min
2019-01-13 19:22:50 +0100,66,count/min
2019-01-13 19:26:53 +0100,66,count/min
2019-01-13 19:29:36 +0100,69,count/min
2019-01-13 19:34:02 +0100,72,count/min
2019-01-13 19:43:39 +0100,71,count/min
2019-01-13 19:47:38 +0100,68,count/min
2019-01-13 19:53:35 +0100,71,count/min
2019-01-13 19:55:47 +0100,75,count/min
2019-01-13 19:59:01 +0100,68,count/min
2019-01-13 20:04:52 +0100,64,count/min
2019-01-13 20:10:44 +0100,69,count/min
2019-01-13 20:14:44 +0100,70,count/min
2019-01-13 20:19:43 +0100,64,count/min
2019-01-13 20:27:38 +0100,82,count/min
2019-01-13 20:29:58 +0100,71,count/min
2019-01-13 20:43:28 +0100,69,count/min
2019-01-13 20:45:34 +0100,69,count/min
2019-01-13 20:50:10 +0100,66.4935,count/min
2019-01-13 20:52:06 +0100,70,count/min
2019-01-13 20:53:44 +0100,65,count/min
2019-01-13 21:13:37 +0100,66,count/min
2019-01-13 21:17:09 +0100,81,count/min
2019-01-13 21:18:57 +0100,78,count/min
2019-01-13 21:27:16 +0100,76,count/min
2019-01-13 21:29:52 +0100,73,count/min
2019-01-13 21:37:58 +0100,70,count/min
2019-01-13 21:41:07 +0100,71,count/min
2019-01-13 21:48:27 +0100,64,count/min
2019-01-13 21:49:48 +0100,55,count/min
2019-01-13 21:58:10 +0100,62,count/min
2019-01-13 22:01:12 +0100,62,count/min
2019-01-13 22:03:42 +0100,64,count/min
2019-01-13 22:09:02 +0100,64,count/min
2019-01-13 22:13:42 +0100,66,count/min
2019-01-13 22:19:17 +0100,66,count/min
2019-01-13 22:23:57 +0100,68,count/min
2019-01-13 22:28:42 +0100,69,count/min
2019-01-13 22:33:53 +0100,68,count/min
2019-01-13 22:39:07 +0100,68,count/min
2019-01-13 22:45:59 +0100,75,count/min
2019-01-13 22:46:04 +0100,77,count/min
2019-01-13 22:46:06 +0100,77,count/min
2019-01-13 22:46:14 +0100,70,count/min
2019-01-13 22:46:19 +0100,70,count/min
2019-01-13 22:48:07 +0100,61,count/min
2019-01-13 22:49:59 +0100,65,count/min
2019-01-13 22:54:43 +0100,61,count/min
2019-01-13 22:59:24 +0100,60,count/min
2019-01-13 23:06:20 +0100,62,count/min
2019-01-13 23:08:54 +0100,64,count/min
2019-01-13 23:14:23 +0100,65,count/min
2019-01-13 23:19:21 +0100,66,count/min
2019-01-13 23:24:14 +0100,65,count/min
2019-01-13 23:29:04 +0100,63,count/min
2019-01-13 23:34:44 +0100,63,count/min
2019-01-13 23:39:29 +0100,64,count/min
2019-01-13 23:44:04 +0100,64,count/min
2019-01-13 23:48:54 +0100,64,count/min
2019-01-13 23:54:51 +0100,64,count/min
2019-01-13 23:58:44 +0100,63,count/min
2019-01-14 00:04:25 +0100,62,count/min
2019-01-14 00:09:38 +0100,63,count/min
2019-01-14 00:13:44 +0100,65,count/min
2019-01-14 00:18:44 +0100,65,count/min
2019-01-14 00:23:54 +0100,65,count/min
2019-01-14 00:28:54 +0100,65,count/min
2019-01-14 00:34:34 +0100,66,count/min
2019-01-14 00:39:04 +0100,66,count/min
2019-01-14 00:48:29 +0100,64.8101,count/min
2019-01-14 00:43:44 +0100,67,count/min
2019-01-14 00:49:54 +0100,65,count/min
2019-01-14 00:55:01 +0100,66,count/min
2019-01-14 00:59:16 +0100,67,count/min
2019-01-14 01:03:46 +0100,66,count/min
2019-01-14 01:10:16 +0100,66,count/min
2019-01-14 01:15:41 +0100,65,count/min
2019-01-14 01:18:56 +0100,64,count/min
2019-01-14 01:23:46 +0100,64,count/min
2019-01-14 01:29:01 +0100,63,count/min
2019-01-14 01:33:46 +0100,62,count/min
2019-01-14 01:38:46 +0100,61,count/min
2019-01-14 01:43:56 +0100,61,count/min
2019-01-14 01:48:51 +0100,61,count/min
2019-01-14 01:54:01 +0100,60,count/min
2019-01-14 01:59:06 +0100,60,count/min
2019-01-14 02:04:31 +0100,59,count/min
2019-01-14 02:09:26 +0100,62,count/min
2019-01-14 02:15:16 +0100,63,count/min
2019-01-14 02:18:46 +0100,63,count/min
2019-01-14 02:25:46 +0100,61,count/min
2019-01-14 02:31:17 +0100,60,count/min
2019-01-14 02:35:06 +0100,59,count/min
2019-01-14 02:39:55 +0100,60,count/min
2019-01-14 02:43:51 +0100,59,count/min
2019-01-14 02:50:51 +0100,60,count/min
2019-01-14 02:53:46 +0100,61,count/min
2019-01-14 02:58:56 +0100,60,count/min
2019-01-14 03:03:51 +0100,60,count/min
2019-01-14 03:11:11 +0100,60,count/min
2019-01-14 03:14:41 +0100,58,count/min
2019-01-14 03:19:06 +0100,58,count/min
2019-01-14 03:24:41 +0100,58,count/min
2019-01-14 03:28:46 +0100,59,count/min
2019-01-14 03:33:56 +0100,59,count/min
2019-01-14 03:38:46 +0100,59,count/min
2019-01-14 03:44:31 +0100,58,count/min
2019-01-14 03:49:51 +0100,58,count/min
2019-01-14 03:53:56 +0100,58,count/min
2019-01-14 03:58:56 +0100,58,count/min
2019-01-14 04:03:46 +0100,58,count/min
2019-01-14 04:09:18 +0100,59,count/min
2019-01-14 04:14:21 +0100,59,count/min
2019-01-14 04:20:11 +0100,64,count/min
2019-01-14 04:23:56 +0100,61,count/min
2019-01-14 04:29:26 +0100,62,count/min
2019-01-14 04:33:46 +0100,61,count/min
2019-01-14 04:39:06 +0100,60,count/min
2019-01-14 04:48:31 +0100,60.7115,count/min
2019-01-14 04:43:51 +0100,60,count/min
2019-01-14 04:49:43 +0100,59,count/min
2019-01-14 04:53:43 +0100,59,count/min
2019-01-14 04:58:43 +0100,58,count/min
2019-01-14 05:04:03 +0100,57,count/min
2019-01-14 05:08:43 +0100,56,count/min
2019-01-14 05:13:43 +0100,57,count/min
2019-01-14 05:19:03 +0100,57,count/min
2019-01-14 05:24:13 +0100,56,count/min
2019-01-14 05:28:53 +0100,56,count/min
2019-01-14 05:33:43 +0100,56,count/min
2019-01-14 05:38:43 +0100,56,count/min
2019-01-14 05:45:33 +0100,56,count/min
2019-01-14 05:49:22 +0100,56,count/min
2019-01-14 05:54:58 +0100,55,count/min
2019-01-14 05:58:53 +0100,56,count/min
2019-01-14 06:04:18 +0100,56,count/min
2019-01-14 06:09:28 +0100,54,count/min
2019-01-14 06:14:38 +0100,56,count/min
2019-01-14 06:18:53 +0100,55,count/min
2019-01-14 06:23:43 +0100,54,count/min
2019-01-14 06:29:33 +0100,54,count/min
2019-01-14 06:33:44 +0100,53,count/min
2019-01-14 06:38:59 +0100,53,count/min
2019-01-14 06:43:49 +0100,51,count/min
2019-01-14 06:48:44 +0100,50,count/min
2019-01-14 06:53:49 +0100,51,count/min
2019-01-14 06:58:44 +0100,52,count/min
2019-01-14 07:03:49 +0100,52,count/min
2019-01-14 07:12:44 +0100,56,count/min
2019-01-14 07:14:48 +0100,57,count/min
2019-01-14 07:19:04 +0100,56,count/min
2019-01-14 07:25:09 +0100,56,count/min
2019-01-14 07:30:44 +0100,57,count/min
2019-01-14 07:33:44 +0100,57,count/min
2019-01-14 07:39:55 +0100,54,count/min
2019-01-14 07:43:45 +0100,54,count/min
2019-01-14 07:49:10 +0100,53,count/min
2019-01-14 07:54:00 +0100,53,count/min
2019-01-14 08:00:00 +0100,57,count/min
2019-01-14 08:05:51 +0100,62,count/min
2019-01-14 08:12:55 +0100,69,count/min
2019-01-14 08:16:22 +0100,69,count/min
2019-01-14 08:22:09 +0100,67,count/min
2019-01-14 08:23:59 +0100,75,count/min
2019-01-14 08:29:50 +0100,59,count/min
2019-01-14 08:36:48 +0100,65,count/min
2019-01-14 08:41:50 +0100,65,count/min
2019-01-14 08:45:53 +0100,70,count/min
2019-01-14 08:49:24 +0100,63,count/min
2019-01-14 08:55:21 +0100,67,count/min
2019-01-14 09:03:32 +0100,67,count/min
2019-01-14 09:12:25 +0100,69,count/min
2019-01-14 09:25:11 +0100,84,count/min
2019-01-14 09:40:13 +0100,87,count/min
2019-01-14 09:52:27 +0100,76,count/min
2019-01-14 09:53:52 +0100,80,count/min
2019-01-14 09:59:51 +0100,75,count/min
2019-01-14 10:04:13 +0100,77,count/min
2019-01-14 10:11:07 +0100,74,count/min
2019-01-14 10:14:54 +0100,78,count/min
2019-01-14 10:22:45 +0100,79,count/min
2019-01-14 10:26:40 +0100,82,count/min
2019-01-14 10:28:58 +0100,85,count/min
2019-01-14 10:36:17 +0100,81,count/min
2019-01-14 10:41:52 +0100,84,count/min
2019-01-14 10:48:25 +0100,84,count/min
2019-01-14 10:51:45 +0100,80,count/min
2019-01-14 10:55:17 +0100,76,count/min
2019-01-14 11:00:25 +0100,77,count/min
2019-01-14 11:08:10 +0100,84,count/min
2019-01-14 11:13:12 +0100,76,count/min
2019-01-14 11:14:20 +0100,76,count/min
2019-01-14 11:19:14 +0100,78,count/min
2019-01-14 11:24:50 +0100,75,count/min
2019-01-14 11:30:49 +0100,74,count/min
2019-01-14 11:35:30 +0100,76,count/min
2019-01-14 11:39:56 +0100,76,count/min
2019-01-14 11:48:31 +0100,81,count/min
2019-01-14 11:53:04 +0100,78,count/min
2019-01-14 11:58:28 +0100,79,count/min
2019-01-14 11:59:41 +0100,77,count/min
2019-01-14 12:03:43 +0100,76,count/min
2019-01-14 12:09:01 +0100,76,count/min
2019-01-14 12:15:56 +0100,77,count/min
2019-01-14 12:21:00 +0100,78,count/min
2019-01-14 12:25:51 +0100,71,count/min
2019-01-14 12:32:43 +0100,74,count/min
2019-01-14 12:38:10 +0100,70,count/min
2019-01-14 12:41:28 +0100,73,count/min
2019-01-14 12:44:07 +0100,71,count/min
2019-01-14 12:48:55 +0100,70,count/min
2019-01-14 12:56:03 +0100,72,count/min
2019-01-14 12:59:06 +0100,78,count/min
2019-01-14 13:07:17 +0100,89,count/min
2019-01-14 13:13:41 +0100,71,count/min
2019-01-14 13:18:08 +0100,75,count/min
2019-01-14 13:33:27 +0100,84,count/min
2019-01-14 13:35:49 +0100,83,count/min
2019-01-14 13:39:23 +0100,81,count/min
2019-01-14 13:45:33 +0100,72,count/min
2019-01-14 13:57:56 +0100,89,count/min
2019-01-14 14:01:06 +0100,89,count/min
2019-01-14 14:14:24 +0100,90,count/min
2019-01-14 14:14:31 +0100,85,count/min
2019-01-14 14:14:36 +0100,83,count/min
2019-01-14 14:14:37 +0100,83,count/min
2019-01-14 14:15:51 +0100,91,count/min
2019-01-14 14:15:56 +0100,88,count/min
2019-01-14 14:15:58 +0100,88,count/min
2019-01-14 14:16:02 +0100,89,count/min
2019-01-14 14:16:08 +0100,93,count/min
2019-01-14 14:16:56 +0100,75,count/min
2019-01-14 14:17:01 +0100,78,count/min
2019-01-14 14:17:02 +0100,79,count/min
2019-01-14 14:17:11 +0100,80,count/min
2019-01-14 14:17:48 +0100,92,count/min
2019-01-14 14:17:54 +0100,89,count/min
2019-01-14 14:17:55 +0100,89,count/min
2019-01-14 14:18:03 +0100,93,count/min
2019-01-14 14:18:07 +0100,94,count/min
2019-01-14 14:26:13 +0100,74,count/min
2019-01-14 14:26:17 +0100,81,count/min
2019-01-14 14:26:22 +0100,91,count/min
2019-01-14 14:27:41 +0100,84,count/min
2019-01-14 14:27:46 +0100,87,count/min
2019-01-14 14:27:48 +0100,88,count/min
2019-01-14 14:27:56 +0100,89,count/min
2019-01-14 14:27:57 +0100,89,count/min
2019-01-14 14:31:47 +0100,78,count/min
2019-01-14 14:36:13 +0100,89,count/min
2019-01-14 14:42:03 +0100,83,count/min
2019-01-14 14:48:02 +0100,83,count/min
2019-01-14 14:49:12 +0100,82,count/min
2019-01-14 14:57:14 +0100,82,count/min
2019-01-14 15:00:45 +0100,88,count/min
2019-01-14 15:06:45 +0100,81,count/min
2019-01-14 15:12:23 +0100,92,count/min
2019-01-14 15:16:15 +0100,72,count/min
2019-01-14 15:24:11 +0100,73,count/min
2019-01-14 15:34:15 +0100,86,count/min
2019-01-14 15:52:36 +0100,91,count/min
2019-01-14 16:10:37 +0100,84,count/min
2019-01-14 16:15:05 +0100,87,count/min
2019-01-14 16:22:41 +0100,90,count/min
2019-01-14 16:27:56 +0100,89,count/min
2019-01-14 16:34:10 +0100,85,count/min
2019-01-14 16:46:49 +0100,91,count/min
2019-01-14 17:40:38 +0100,86,count/min
2019-01-14 17:44:15 +0100,85,count/min
2019-01-14 17:52:35 +0100,84,count/min
2019-01-14 17:53:48 +0100,79,count/min
2019-01-14 17:58:57 +0100,72,count/min
2019-01-11 21:48:03 +0100,89,count/min
2019-01-11 22:14:07 +0100,95,count/min
2019-01-11 22:18:33 +0100,72,count/min
2019-01-11 22:21:57 +0100,77,count/min
2019-01-11 22:25:51 +0100,78,count/min
2019-01-11 22:33:27 +0100,74,count/min
2019-01-11 22:36:02 +0100,78,count/min
2019-01-11 22:42:12 +0100,67,count/min
2019-01-11 22:46:13 +0100,67,count/min
2019-01-11 22:51:42 +0100,67,count/min
2019-01-11 22:57:31 +0100,93,count/min
2019-01-11 23:02:58 +0100,84,count/min
2019-01-11 23:06:56 +0100,74,count/min
2019-01-11 23:12:28 +0100,75,count/min
2019-01-11 23:15:24 +0100,74,count/min
2019-01-11 23:23:09 +0100,73,count/min
2019-01-11 23:29:14 +0100,74,count/min
2019-01-11 23:34:49 +0100,69,count/min
2019-01-11 23:36:46 +0100,69,count/min
2019-01-11 23:44:23 +0100,61,count/min
2019-01-11 23:49:17 +0100,68,count/min
2019-01-11 23:53:27 +0100,72,count/min
2019-01-11 23:56:42 +0100,71,count/min
2019-01-12 00:00:17 +0100,69,count/min
2019-01-12 00:05:23 +0100,69,count/min
2019-01-12 00:10:28 +0100,69,count/min
2019-01-12 00:15:28 +0100,67,count/min
2019-01-12 00:20:28 +0100,68,count/min
2019-01-12 00:25:22 +0100,71,count/min
2019-01-12 00:30:38 +0100,70,count/min
2019-01-12 00:35:18 +0100,70,count/min
2019-01-12 00:40:18 +0100,70,count/min
2019-01-12 00:45:18 +0100,72,count/min
2019-01-12 00:50:43 +0100,71,count/min
2019-01-12 00:55:33 +0100,72,count/min
2019-01-12 01:01:43 +0100,69.5023,count/min
2019-01-12 01:01:38 +0100,69,count/min
2019-01-12 01:05:59 +0100,69,count/min
2019-01-12 01:10:19 +0100,68,count/min
2019-01-12 01:16:59 +0100,65,count/min
2019-01-12 01:20:24 +0100,65,count/min
2019-01-12 01:26:24 +0100,63,count/min
2019-01-12 01:30:24 +0100,65,count/min
2019-01-12 01:35:29 +0100,67,count/min
2019-01-12 01:42:34 +0100,67,count/min
2019-01-12 01:45:36 +0100,67,count/min
2019-01-12 01:51:19 +0100,68,count/min
2019-01-12 01:56:34 +0100,67,count/min
2019-01-12 02:00:44 +0100,64,count/min
2019-01-12 02:05:39 +0100,63,count/min
2019-01-12 02:10:24 +0100,64,count/min
2019-01-12 02:15:19 +0100,64,count/min
2019-01-12 02:20:19 +0100,64,count/min
2019-01-12 02:27:04 +0100,63,count/min
2019-01-12 02:30:29 +0100,63,count/min
2019-01-12 02:35:19 +0100,62,count/min
2019-01-12 02:42:14 +0100,60,count/min
2019-01-12 02:45:19 +0100,60,count/min
2019-01-12 02:50:54 +0100,58,count/min
2019-01-12 02:55:24 +0100,58,count/min
2019-01-12 03:00:29 +0100,59,count/min
2019-01-12 03:06:16 +0100,59,count/min
2019-01-12 03:10:19 +0100,58,count/min
2019-01-12 03:15:24 +0100,61,count/min
2019-01-12 03:20:19 +0100,62,count/min
2019-01-12 03:29:09 +0100,65,count/min
2019-01-12 03:30:39 +0100,63,count/min
2019-01-12 03:35:49 +0100,62,count/min
2019-01-12 03:40:19 +0100,61,count/min
2019-01-12 03:45:55 +0100,61,count/min
2019-01-12 03:50:55 +0100,60,count/min
2019-01-12 03:55:35 +0100,61,count/min
2019-01-12 04:01:45 +0100,61,count/min
2019-01-12 04:06:35 +0100,61,count/min
2019-01-12 04:11:00 +0100,62,count/min
2019-01-12 04:15:20 +0100,61,count/min
2019-01-12 04:20:20 +0100,61,count/min
2019-01-12 04:26:05 +0100,60,count/min
2019-01-12 04:30:20 +0100,60,count/min
2019-01-12 04:35:41 +0100,59,count/min
2019-01-12 04:40:36 +0100,64,count/min
2019-01-12 04:46:08 +0100,67,count/min
2019-01-12 04:50:27 +0100,63,count/min
2019-01-12 05:00:03 +0100,67,count/min
2019-01-12 05:01:05 +0100,85,count/min
2019-01-12 05:13:00 +0100,65,count/min
2019-01-12 05:39:15 +0100,58,count/min
2019-01-12 05:44:21 +0100,45,count/min
2019-01-12 05:49:44 +0100,69,count/min
2019-01-12 05:53:55 +0100,69,count/min
2019-01-12 05:55:49 +0100,79,count/min
2019-01-12 06:02:17 +0100,79,count/min
2019-01-12 06:06:17 +0100,73,count/min
2019-01-12 06:11:15 +0100,77,count/min
2019-01-12 06:19:53 +0100,89,count/min
2019-01-12 06:22:04 +0100,79,count/min
2019-01-12 06:26:16 +0100,74,count/min
2019-01-12 06:40:03 +0100,88,count/min
2019-01-12 06:43:54 +0100,87,count/min
2019-01-12 06:52:30 +0100,90,count/min
2019-01-12 06:58:08 +0100,83,count/min
2019-01-12 07:00:41 +0100,83,count/min
2019-01-12 07:07:22 +0100,87,count/min
2019-01-12 07:14:43 +0100,82,count/min
2019-01-12 07:19:43 +0100,78,count/min
2019-01-12 07:21:16 +0100,77,count/min
2019-01-12 07:25:28 +0100,74,count/min
2019-01-12 07:31:00 +0100,78,count/min
2019-01-12 07:39:17 +0100,76,count/min
2019-01-12 07:40:45 +0100,74,count/min
2019-01-12 07:45:37 +0100,71,count/min
2019-01-12 07:50:20 +0100,71,count/min
2019-01-12 07:55:25 +0100,70,count/min
2019-01-12 08:00:35 +0100,67,count/min
2019-01-12 08:05:55 +0100,67,count/min
2019-01-12 08:11:44 +0100,67,count/min
2019-01-12 08:17:45 +0100,74,count/min
2019-01-12 08:22:51 +0100,75,count/min
2019-01-12 08:27:28 +0100,67,count/min
2019-01-12 08:30:35 +0100,63,count/min
2019-01-12 08:36:10 +0100,62,count/min
2019-01-12 08:40:33 +0100,61,count/min
2019-01-12 08:46:00 +0100,61,count/min
2019-01-12 08:51:40 +0100,64,count/min
2019-01-12 08:56:14 +0100,73,count/min
2019-01-12 09:05:08 +0100,74,count/min
2019-01-12 09:09:06 +0100,72,count/min
2019-01-12 09:14:17 +0100,65,count/min
2019-01-12 09:18:03 +0100,65,count/min
2019-01-12 09:23:53 +0100,82,count/min
2019-01-12 09:29:57 +0100,79,count/min
2019-01-12 09:34:53 +0100,76,count/min
2019-01-12 09:37:46 +0100,70,count/min
2019-01-12 09:42:23 +0100,71,count/min
2019-01-12 09:50:16 +0100,74,count/min
2019-01-12 09:52:02 +0100,71,count/min
2019-01-12 09:57:48 +0100,72,count/min
2019-01-14 18:06:39 +0100,79,count/min
2019-01-14 18:13:31 +0100,80,count/min
2019-01-14 18:14:53 +0100,82,count/min
2019-01-14 18:20:08 +0100,78,count/min
2019-01-14 18:25:11 +0100,91,count/min
2019-01-14 18:30:25 +0100,78,count/min
2019-01-14 18:35:53 +0100,79,count/min
2019-01-14 18:39:10 +0100,81,count/min
2019-01-14 18:43:42 +0100,78,count/min
2019-01-14 18:48:44 +0100,77,count/min
2019-01-14 18:55:44 +0100,75,count/min
2019-01-14 19:06:32 +0100,78,count/min
2019-01-14 19:12:21 +0100,77,count/min
2019-01-14 19:17:53 +0100,81,count/min
2019-01-14 19:42:35 +0100,78,count/min
2019-01-14 20:02:13 +0100,75,count/min
2019-01-14 20:05:59 +0100,69,count/min
2019-01-14 20:12:12 +0100,71,count/min
2019-01-14 20:16:55 +0100,81,count/min
2019-01-14 20:19:06 +0100,70,count/min
2019-01-14 20:26:16 +0100,76,count/min
2019-01-14 20:32:03 +0100,77,count/min
2019-01-14 20:37:24 +0100,79,count/min
2019-01-14 20:39:31 +0100,80,count/min
2019-01-14 20:53:33 +0100,71,count/min
2019-01-14 20:55:02 +0100,72,count/min
2019-01-14 21:02:43 +0100,76,count/min
2019-01-14 21:13:56 +0100,70,count/min
2019-01-14 21:19:34 +0100,75,count/min
2019-01-14 21:27:45 +0100,82,count/min
2019-01-14 21:29:17 +0100,78,count/min
2019-01-14 21:36:23 +0100,81,count/min
2019-01-14 21:39:30 +0100,74,count/min
2019-01-14 21:53:16 +0100,74,count/min
2019-01-14 21:56:05 +0100,70,count/min
2019-01-14 21:59:28 +0100,65,count/min
2019-01-14 22:05:43 +0100,69,count/min
2019-01-14 22:10:46 +0100,68,count/min
2019-01-14 22:18:16 +0100,66,count/min
2019-01-14 22:21:56 +0100,63,count/min
2019-01-14 22:28:11 +0100,62,count/min
2019-01-14 22:31:13 +0100,61,count/min
2019-01-14 22:38:28 +0100,61,count/min
2019-01-14 22:39:46 +0100,65.9227,count/min
2019-01-14 22:43:09 +0100,63,count/min
2019-01-14 22:47:57 +0100,64,count/min
2019-01-14 22:50:37 +0100,63,count/min
2019-01-14 22:55:00 +0100,60,count/min
2019-01-14 23:03:03 +0100,72,count/min
2019-01-14 23:06:51 +0100,60,count/min
2019-01-14 23:09:38 +0100,60,count/min
2019-01-14 23:17:07 +0100,59,count/min
2019-01-14 23:19:28 +0100,60,count/min
2019-01-14 23:25:49 +0100,63,count/min
2019-01-14 23:30:13 +0100,64,count/min
2019-01-14 23:35:23 +0100,60,count/min
2019-01-14 23:40:33 +0100,61,count/min
2019-01-14 23:43:58 +0100,60,count/min
2019-01-14 23:49:08 +0100,59,count/min
2019-01-14 23:57:42 +0100,61,count/min
2019-01-14 23:59:06 +0100,61,count/min
2019-01-15 00:04:38 +0100,58,count/min
2019-01-15 00:09:18 +0100,56,count/min
2019-01-15 00:14:03 +0100,58,count/min
2019-01-15 00:19:33 +0100,58,count/min
2019-01-15 00:23:43 +0100,58,count/min
2019-01-15 00:28:53 +0100,58,count/min
2019-01-15 00:35:13 +0100,58,count/min
2019-01-15 00:38:43 +0100,58,count/min
2019-01-15 00:46:03 +0100,64,count/min
2019-01-15 00:50:38 +0100,62.6939,count/min
2019-01-15 00:50:38 +0100,63,count/min
2019-01-15 00:56:10 +0100,61,count/min
2019-01-15 01:02:20 +0100,65,count/min
2019-01-15 01:04:40 +0100,62,count/min
2019-01-15 01:09:55 +0100,60,count/min
2019-01-15 01:17:40 +0100,65,count/min
2019-01-15 01:19:35 +0100,64,count/min
2019-01-15 01:23:55 +0100,62,count/min
2019-01-15 01:29:15 +0100,63,count/min
2019-01-15 01:33:45 +0100,63,count/min
2019-01-15 01:39:00 +0100,62,count/min
2019-01-15 01:43:45 +0100,62,count/min
2019-01-15 01:48:55 +0100,62,count/min
2019-01-15 01:54:55 +0100,60,count/min
2019-01-15 01:58:50 +0100,60,count/min
2019-01-15 02:04:05 +0100,63,count/min
2019-01-15 02:08:45 +0100,65,count/min
2019-01-15 02:14:39 +0100,64,count/min
2019-01-15 02:19:29 +0100,63,count/min
2019-01-15 02:23:50 +0100,63,count/min
2019-01-15 02:28:45 +0100,62,count/min
2019-01-15 02:35:40 +0100,61,count/min
2019-01-15 02:38:50 +0100,60,count/min
2019-01-15 02:43:50 +0100,59,count/min
2019-01-15 02:48:45 +0100,59,count/min
2019-01-15 02:53:55 +0100,59,count/min
2019-01-15 02:59:05 +0100,59,count/min
2019-01-15 03:04:36 +0100,58,count/min
2019-01-15 03:10:30 +0100,57,count/min
2019-01-15 03:13:45 +0100,56,count/min
2019-01-15 03:19:35 +0100,57,count/min
2019-01-15 03:24:00 +0100,59,count/min
2019-01-15 03:30:00 +0100,59,count/min
2019-01-15 03:33:45 +0100,57,count/min
2019-01-15 03:38:45 +0100,57,count/min
2019-01-15 03:44:20 +0100,58,count/min
2019-01-15 03:48:45 +0100,58,count/min
2019-01-15 03:53:58 +0100,58,count/min
2019-01-15 03:58:50 +0100,58,count/min
2019-01-15 04:04:14 +0100,62,count/min
2019-01-15 04:08:45 +0100,62,count/min
2019-01-15 04:14:27 +0100,64,count/min
2019-01-15 04:19:23 +0100,66,count/min
2019-01-15 04:23:44 +0100,59,count/min
2019-01-15 04:29:54 +0100,60,count/min
2019-01-15 04:35:45 +0100,60,count/min
2019-01-15 04:39:52 +0100,62,count/min
2019-01-15 04:48:30 +0100,59.5349,count/min
2019-01-15 04:43:50 +0100,58,count/min
2019-01-15 04:51:41 +0100,58,count/min
2019-01-15 04:53:46 +0100,56,count/min
2019-01-15 04:58:46 +0100,56,count/min
2019-01-15 05:03:46 +0100,55,count/min
2019-01-15 05:08:46 +0100,54,count/min
2019-01-15 05:13:47 +0100,52,count/min
2019-01-15 05:22:02 +0100,52,count/min
2019-01-15 05:23:42 +0100,53,count/min
2019-01-15 05:28:52 +0100,53,count/min
2019-01-15 05:33:52 +0100,54,count/min
2019-01-15 05:38:52 +0100,55,count/min
2019-01-15 05:44:02 +0100,58,count/min
2019-01-15 05:49:23 +0100,54,count/min
2019-01-15 05:54:22 +0100,54,count/min
2019-01-15 05:59:02 +0100,58,count/min
2019-01-15 06:03:42 +0100,57,count/min
2019-01-15 06:08:57 +0100,56,count/min
2019-01-15 06:16:02 +0100,53,count/min
2019-01-15 06:19:08 +0100,51,count/min
2019-01-15 06:24:43 +0100,51,count/min
2019-01-15 06:28:58 +0100,50,count/min
2019-01-15 06:33:53 +0100,51,count/min
2019-01-15 06:39:13 +0100,51,count/min
2019-01-15 06:43:48 +0100,50,count/min
2019-01-15 06:48:44 +0100,51,count/min
2019-01-15 06:54:53 +0100,52,count/min
2019-01-15 07:02:34 +0100,53,count/min
2019-01-15 07:06:33 +0100,54,count/min
2019-01-15 07:09:18 +0100,51,count/min
2019-01-15 07:15:00 +0100,53,count/min
2019-01-15 07:18:58 +0100,53,count/min
2019-01-15 07:23:48 +0100,53,count/min
2019-01-15 07:29:28 +0100,53,count/min
2019-01-15 07:33:58 +0100,53,count/min
2019-01-15 07:38:43 +0100,54,count/min
2019-01-15 07:46:19 +0100,53,count/min
2019-01-15 07:49:13 +0100,51,count/min
2019-01-15 07:53:43 +0100,51,count/min
2019-01-15 08:00:33 +0100,53,count/min
2019-01-15 08:03:46 +0100,55,count/min
2019-01-15 08:11:03 +0100,60,count/min
2019-01-15 08:13:48 +0100,60,count/min
2019-01-15 08:19:12 +0100,59,count/min
2019-01-15 08:33:18 +0100,75,count/min
2019-01-15 08:38:38 +0100,65,count/min
2019-01-15 08:41:44 +0100,66,count/min
2019-01-15 11:04:46 +0100,100,count/min
2019-01-15 11:07:50 +0100,109,count/min
2019-01-15 10:57:53 +0100,75,count/min
2019-01-15 11:10:47 +0100,100,count/min
2019-01-15 11:14:11 +0100,76,count/min
2019-01-15 11:19:38 +0100,74,count/min
2019-01-15 11:26:26 +0100,78,count/min
2019-01-15 11:30:05 +0100,77,count/min
2019-01-15 11:32:36 +0100,72,count/min
2019-01-15 11:37:48 +0100,70,count/min
2019-01-15 11:45:30 +0100,68,count/min
2019-01-15 11:47:08 +0100,69,count/min
2019-01-15 11:52:55 +0100,78,count/min
2019-01-15 11:58:17 +0100,74,count/min
2019-01-15 12:10:49 +0100,70,count/min
2019-01-15 12:14:43 +0100,68,count/min
2019-01-15 12:20:51 +0100,73,count/min
2019-01-15 12:23:41 +0100,73.1429,count/min
2019-01-15 12:25:38 +0100,73,count/min
2019-01-15 12:34:06 +0100,92,count/min
2019-01-15 12:28:52 +0100,89,count/min
2019-01-15 12:50:29 +0100,100,count/min
2019-01-15 12:46:33 +0100,72,count/min
2019-01-15 12:51:35 +0100,85,count/min
2019-01-15 12:55:38 +0100,75,count/min
2019-01-15 13:08:23 +0100,86,count/min
2019-01-15 13:12:14 +0100,101,count/min
2019-01-15 12:57:35 +0100,77,count/min
2019-01-15 13:18:34 +0100,81,count/min
2019-01-15 13:23:58 +0100,81,count/min
2019-01-15 13:29:15 +0100,80,count/min
2019-01-15 13:34:00 +0100,92,count/min
2019-01-15 13:43:19 +0100,68,count/min
2019-01-15 13:39:21 +0100,89,count/min
2019-01-15 13:49:56 +0100,83,count/min
2019-01-15 14:03:41 +0100,79,count/min
2019-01-15 14:08:48 +0100,71,count/min
2019-01-15 14:15:33 +0100,75,count/min
2019-01-15 14:20:17 +0100,74,count/min
2019-01-15 14:26:06 +0100,66,count/min
2019-01-15 14:29:31 +0100,70,count/min
2019-01-15 14:38:28 +0100,98,count/min
2019-01-15 14:34:35 +0100,68,count/min
2019-01-15 14:41:11 +0100,74,count/min
2019-01-15 14:44:23 +0100,90,count/min
2019-01-15 14:48:59 +0100,92,count/min
2019-01-15 14:52:17 +0100,81,count/min
2019-01-15 15:06:04 +0100,75,count/min
2019-01-15 15:10:10 +0100,81,count/min
2019-01-15 15:19:50 +0100,80,count/min
2019-01-15 15:24:57 +0100,72,count/min
2019-01-15 15:28:37 +0100,71,count/min
2019-01-15 15:34:01 +0100,77,count/min
2019-01-15 15:39:48 +0100,80,count/min
2019-01-15 15:41:44 +0100,62,count/min
2019-01-15 15:48:00 +0100,78,count/min
2019-01-15 16:01:29 +0100,73,count/min
2019-01-15 16:05:08 +0100,79,count/min
2019-01-15 16:07:25 +0100,89,count/min
2019-01-15 16:11:59 +0100,85,count/min
2019-01-15 16:17:19 +0100,91,count/min
2019-01-15 16:25:29 +0100,85,count/min
2019-01-15 16:28:12 +0100,82,count/min
2019-01-15 16:38:26 +0100,94,count/min
2019-01-15 16:50:39 +0100,90,count/min
2019-01-15 16:55:14 +0100,74.383,count/min
2019-01-15 16:52:49 +0100,72,count/min
2019-01-15 16:56:51 +0100,74,count/min
2019-01-15 17:06:26 +0100,74,count/min
2019-01-15 17:07:55 +0100,74,count/min
2019-01-15 17:11:58 +0100,67,count/min
2019-01-15 17:20:02 +0100,78,count/min
2019-01-15 17:37:02 +0100,85,count/min
2019-01-15 18:02:10 +0100,91,count/min
2019-01-15 18:10:12 +0100,72,count/min
2019-01-15 18:11:53 +0100,73,count/min
2019-01-15 18:18:45 +0100,89,count/min
2019-01-15 18:25:26 +0100,80,count/min
2019-01-15 18:28:57 +0100,69,count/min
2019-01-15 18:33:45 +0100,72,count/min
2019-01-15 18:38:37 +0100,76,count/min
2019-01-15 18:42:26 +0100,65,count/min
2019-01-15 18:59:32 +0100,90,count/min
2019-01-15 19:07:11 +0100,73,count/min
2019-01-15 19:16:37 +0100,76,count/min
2019-01-15 19:21:32 +0100,77,count/min
2019-01-15 19:24:31 +0100,82,count/min
2019-01-15 19:28:13 +0100,84,count/min
2019-01-15 19:39:24 +0100,85,count/min
2019-01-15 19:42:31 +0100,77,count/min
2019-01-15 19:48:53 +0100,73,count/min
2019-01-15 19:56:14 +0100,77,count/min
2019-01-15 19:59:03 +0100,75,count/min
2019-01-15 20:02:27 +0100,79,count/min
2019-01-15 20:09:28 +0100,76,count/min
2019-01-15 20:16:23 +0100,75,count/min
2019-01-15 20:19:12 +0100,72,count/min
2019-01-15 20:23:14 +0100,74,count/min
2019-01-15 20:30:08 +0100,67,count/min
2019-01-15 20:32:27 +0100,70,count/min
2019-01-15 20:37:06 +0100,80,count/min
2019-01-15 20:50:07 +0100,80,count/min
2019-01-15 20:53:08 +0100,78,count/min
2019-01-15 20:58:29 +0100,84,count/min
2019-01-15 21:10:26 +0100,74,count/min
2019-01-15 21:14:58 +0100,77,count/min
2019-01-15 21:18:12 +0100,75,count/min
2019-01-15 21:26:06 +0100,74,count/min
2019-01-15 21:33:37 +0100,63.4711,count/min
2019-01-15 21:34:46 +0100,65,count/min
2019-01-15 21:39:18 +0100,65,count/min
2019-01-15 21:44:05 +0100,64,count/min
2019-01-15 21:48:23 +0100,67,count/min
2019-01-15 21:55:29 +0100,78,count/min
2019-01-15 21:59:51 +0100,66,count/min
2019-01-15 22:04:57 +0100,47,count/min
2019-01-15 22:06:48 +0100,62,count/min
2019-01-15 22:15:53 +0100,71,count/min
2019-01-15 22:39:20 +0100,63,count/min
2019-01-15 22:50:31 +0100,74,count/min
2019-01-15 22:51:53 +0100,70,count/min
2019-01-15 22:57:21 +0100,65,count/min
2019-01-15 23:02:04 +0100,65,count/min
2019-01-15 23:09:08 +0100,69,count/min
2019-01-15 23:12:23 +0100,67,count/min
2019-01-15 23:17:37 +0100,67,count/min
2019-01-15 23:21:56 +0100,66,count/min
2019-01-15 23:30:33 +0100,62,count/min
2019-01-15 23:31:43 +0100,61,count/min
2019-01-15 23:39:55 +0100,65,count/min
2019-01-15 23:44:06 +0100,67,count/min
2019-01-15 23:50:28 +0100,74,count/min
2019-01-15 23:55:04 +0100,66,count/min
2019-01-15 23:57:53 +0100,64,count/min
2019-01-16 00:01:53 +0100,61,count/min
2019-01-16 00:06:38 +0100,61,count/min
2019-01-16 00:11:58 +0100,61,count/min
2019-01-16 00:16:52 +0100,62,count/min
2019-01-16 00:21:58 +0100,62,count/min
2019-01-16 00:26:48 +0100,63,count/min
2019-01-16 00:31:38 +0100,63,count/min
2019-01-16 00:36:58 +0100,63,count/min
2019-01-16 00:42:05 +0100,63,count/min
2019-01-16 00:51:23 +0100,63.3405,count/min
2019-01-16 00:46:43 +0100,63,count/min
2019-01-16 00:53:00 +0100,64,count/min
2019-01-16 00:56:55 +0100,63,count/min
2019-01-16 01:02:05 +0100,62,count/min
2019-01-16 01:06:45 +0100,62,count/min
2019-01-16 01:11:40 +0100,61,count/min
2019-01-16 01:16:40 +0100,61,count/min
2019-01-16 01:23:40 +0100,63,count/min
2019-01-16 01:28:55 +0100,62,count/min
2019-01-16 01:33:45 +0100,65,count/min
2019-01-16 01:36:55 +0100,61,count/min
2019-01-16 01:43:05 +0100,60,count/min
2019-01-16 01:46:40 +0100,60,count/min
2019-01-16 01:51:40 +0100,59,count/min
2019-01-16 01:57:41 +0100,58,count/min
2019-01-16 02:02:10 +0100,58,count/min
2019-01-16 02:07:15 +0100,60,count/min
2019-01-16 02:15:06 +0100,62,count/min
2019-01-16 02:16:40 +0100,64,count/min
2019-01-16 02:22:20 +0100,63,count/min
2019-01-16 02:27:25 +0100,62,count/min
2019-01-16 02:31:40 +0100,61,count/min
2019-01-16 02:36:40 +0100,61,count/min
2019-01-16 02:42:25 +0100,61,count/min
2019-01-16 02:46:40 +0100,62,count/min
2019-01-16 02:51:45 +0100,61,count/min
2019-01-16 02:57:20 +0100,60,count/min
2019-01-16 03:02:25 +0100,58,count/min
2019-01-16 03:06:55 +0100,59,count/min
2019-01-16 03:12:20 +0100,58,count/min
2019-01-16 03:17:45 +0100,62,count/min
2019-01-16 03:21:55 +0100,60,count/min
2019-01-16 03:28:23 +0100,59,count/min
2019-01-16 03:32:00 +0100,60,count/min
2019-01-16 03:36:50 +0100,57,count/min
2019-01-16 03:41:40 +0100,57,count/min
2019-01-16 03:46:40 +0100,57,count/min
2019-01-16 03:52:50 +0100,58,count/min
2019-01-16 03:56:55 +0100,58,count/min
2019-01-16 04:02:25 +0100,56,count/min
2019-01-16 04:06:40 +0100,57,count/min
2019-01-16 04:11:45 +0100,57,count/min
2019-01-16 04:17:11 +0100,58,count/min
2019-01-16 04:21:46 +0100,56,count/min
2019-01-16 04:27:16 +0100,55,count/min
2019-01-16 04:31:41 +0100,55,count/min
2019-01-16 04:36:46 +0100,55,count/min
2019-01-16 04:42:01 +0100,58,count/min
2019-01-16 04:51:26 +0100,57.8533,count/min
2019-01-16 04:46:51 +0100,59,count/min
2019-01-16 04:54:17 +0100,58,count/min
2019-01-16 04:56:37 +0100,60,count/min
2019-01-16 05:02:02 +0100,60,count/min
2019-01-16 05:06:59 +0100,60,count/min
2019-01-16 05:11:42 +0100,60,count/min
2019-01-16 05:16:58 +0100,58,count/min
2019-01-16 05:21:43 +0100,58,count/min
2019-01-16 05:26:43 +0100,58,count/min
2019-01-16 05:32:23 +0100,59,count/min
2019-01-16 05:36:38 +0100,59,count/min
2019-01-16 05:41:43 +0100,59,count/min
2019-01-16 05:47:48 +0100,59,count/min
2019-01-16 05:52:18 +0100,59,count/min
2019-01-16 05:57:08 +0100,59,count/min
2019-01-16 06:01:53 +0100,58,count/min
2019-01-16 06:06:43 +0100,59,count/min
2019-01-16 06:12:03 +0100,58,count/min
2019-01-16 06:17:04 +0100,58,count/min
2019-01-16 06:21:43 +0100,59,count/min
2019-01-16 06:26:38 +0100,58,count/min
2019-01-16 06:32:52 +0100,57,count/min
2019-01-16 06:37:43 +0100,59,count/min
2019-01-16 06:41:43 +0100,59,count/min
2019-01-16 06:46:38 +0100,60,count/min
2019-01-16 06:52:03 +0100,59,count/min
2019-01-16 06:56:38 +0100,60,count/min
2019-01-16 07:02:13 +0100,58,count/min
2019-01-16 07:07:13 +0100,58,count/min
2019-01-16 07:12:52 +0100,62,count/min
2019-01-16 07:17:08 +0100,58,count/min
2019-01-16 07:21:43 +0100,54,count/min
2019-01-16 07:26:38 +0100,56,count/min
2019-01-16 07:32:13 +0100,55,count/min
2019-01-16 07:37:02 +0100,77,count/min
2019-01-16 07:37:06 +0100,78,count/min
2019-01-16 07:37:11 +0100,69,count/min
2019-01-16 07:37:16 +0100,66,count/min
2019-01-16 07:37:20 +0100,65,count/min
2019-01-16 07:37:26 +0100,65,count/min
2019-01-16 07:38:34 +0100,58,count/min
2019-01-16 07:42:09 +0100,57,count/min
2019-01-16 07:46:42 +0100,56,count/min
2019-01-16 07:52:33 +0100,57,count/min
2019-01-16 07:58:09 +0100,58,count/min
2019-01-16 08:01:49 +0100,57,count/min
2019-01-16 08:06:53 +0100,59,count/min
2019-01-16 08:16:31 +0100,72,count/min
2019-01-16 08:19:54 +0100,70,count/min
2019-01-16 08:22:12 +0100,70,count/min
2019-01-16 08:30:47 +0100,70,count/min
2019-01-16 08:31:54 +0100,68,count/min
2019-01-16 08:39:36 +0100,72,count/min
2019-01-16 08:49:19 +0100,78,count/min
2019-01-16 08:55:19 +0100,73,count/min
2019-01-16 09:13:18 +0100,85,count/min
2019-01-16 09:20:14 +0100,73.8462,count/min
2019-01-16 09:20:03 +0100,72,count/min
2019-01-16 09:21:44 +0100,73,count/min
2019-01-16 09:31:00 +0100,79,count/min
2019-01-16 09:39:13 +0100,80,count/min
2019-01-16 09:43:47 +0100,73,count/min
2019-01-16 09:47:58 +0100,74,count/min
2019-01-16 10:01:33 +0100,85,count/min
2019-01-16 10:05:02 +0100,77,count/min
2019-01-16 10:07:27 +0100,76,count/min
2019-01-16 10:12:27 +0100,70,count/min
2019-01-16 10:20:26 +0100,75,count/min
2019-01-16 10:22:53 +0100,79,count/min
2019-01-16 10:30:36 +0100,83,count/min
2019-01-16 10:33:06 +0100,83,count/min
2019-01-16 10:38:46 +0100,78,count/min
2019-01-16 10:43:52 +0100,82,count/min
2019-01-16 12:22:56 +0100,77,count/min
2019-01-16 12:28:26 +0100,75,count/min
2019-01-16 12:31:40 +0100,75,count/min
2019-01-16 12:37:52 +0100,76,count/min
2019-01-16 12:42:11 +0100,75,count/min
2019-01-16 12:49:45 +0100,73,count/min
2019-01-16 12:55:40 +0100,73.4928,count/min
2019-01-16 12:55:10 +0100,72,count/min
2019-01-16 12:58:05 +0100,69,count/min
2019-01-16 13:03:59 +0100,71,count/min
2019-01-16 13:06:40 +0100,73,count/min
2019-01-16 13:15:40 +0100,69,count/min
2019-01-16 13:17:47 +0100,80,count/min
2019-01-16 13:23:14 +0100,65,count/min
2019-01-16 13:28:26 +0100,69,count/min
2019-01-16 13:34:47 +0100,70,count/min
2019-01-16 13:41:33 +0100,66,count/min
2019-01-16 13:43:22 +0100,65,count/min
2019-01-16 13:47:35 +0100,70,count/min
2019-01-16 13:53:13 +0100,70,count/min
2019-01-16 14:02:21 +0100,72,count/min
2019-01-16 14:13:36 +0100,83,count/min
2019-01-16 14:22:46 +0100,77,count/min
2019-01-16 14:30:44 +0100,80,count/min
2019-01-16 14:34:21 +0100,80,count/min
2019-01-16 14:41:19 +0100,82,count/min
2019-01-16 14:46:19 +0100,78,count/min
2019-01-16 14:48:10 +0100,80,count/min
2019-01-16 14:59:53 +0100,87,count/min
2019-01-16 15:02:27 +0100,80,count/min
2019-01-16 15:08:51 +0100,82,count/min
2019-01-16 15:18:11 +0100,81,count/min
2019-01-16 15:26:59 +0100,75,count/min
2019-01-16 15:50:16 +0100,116,count/min
2019-01-16 15:45:03 +0100,77,count/min
2019-01-16 15:55:11 +0100,75,count/min
2019-01-16 16:01:09 +0100,73,count/min
2019-01-16 16:02:19 +0100,71,count/min
2019-01-16 16:08:27 +0100,67,count/min
2019-01-16 16:11:39 +0100,66,count/min
2019-01-16 16:18:54 +0100,68,count/min
2019-01-16 16:23:14 +0100,67,count/min
2019-01-16 16:26:56 +0100,65,count/min
2019-01-16 16:35:53 +0100,71,count/min
2019-01-16 16:37:09 +0100,73,count/min
2019-01-16 16:43:20 +0100,76,count/min
2019-01-16 16:50:03 +0100,78,count/min
2019-01-16 16:54:18 +0100,77.1859,count/min
2019-01-16 16:56:11 +0100,72,count/min
2019-01-16 16:58:59 +0100,72,count/min
2019-01-16 17:04:20 +0100,75,count/min
2019-01-16 17:10:47 +0100,75,count/min
2019-01-16 17:14:28 +0100,88,count/min
2019-01-16 17:19:57 +0100,75,count/min
2019-01-16 17:25:49 +0100,71,count/min
2019-01-16 17:29:31 +0100,80,count/min
2019-01-16 17:36:06 +0100,74,count/min
2019-01-16 17:39:36 +0100,72,count/min
2019-01-16 17:41:46 +0100,78,count/min
2019-01-16 17:46:51 +0100,79,count/min
2019-01-16 17:53:34 +0100,69,count/min
2019-01-16 17:59:04 +0100,71,count/min
2019-01-16 18:06:35 +0100,76,count/min
2019-01-16 18:10:31 +0100,70,count/min
2019-01-16 18:13:37 +0100,72,count/min
2019-01-16 18:16:44 +0100,76,count/min
2019-01-16 18:22:01 +0100,58,count/min
2019-01-16 18:27:53 +0100,76,count/min
2019-01-16 18:34:37 +0100,63,count/min
2019-01-16 18:39:56 +0100,74,count/min
2019-01-16 18:41:46 +0100,80,count/min
2019-01-16 18:49:04 +0100,69,count/min
2019-01-16 18:54:24 +0100,68,count/min
2019-01-16 18:56:41 +0100,67,count/min
2019-01-16 19:03:18 +0100,72,count/min
2019-01-16 19:07:05 +0100,71,count/min
2019-01-16 19:20:21 +0100,77,count/min
2019-01-16 19:13:07 +0100,69,count/min
2019-01-16 19:21:29 +0100,72,count/min
2019-01-16 19:26:37 +0100,64,count/min
2019-01-16 19:28:00 +0100,50,count/min
2019-01-16 19:33:16 +0100,72,count/min
2019-01-16 19:50:15 +0100,78,count/min
2019-01-16 19:58:09 +0100,73,count/min
2019-01-16 20:06:25 +0100,69,count/min
2019-01-16 20:17:21 +0100,102,count/min
2019-01-16 20:12:17 +0100,72,count/min
2019-01-16 20:23:02 +0100,99,count/min
2019-01-16 20:31:38 +0100,95,count/min
2019-01-16 20:20:24 +0100,74,count/min
2019-01-16 20:35:22 +0100,120,count/min
2019-01-16 20:53:40 +0100,92,count/min
2019-01-16 21:05:11 +0100,76,count/min
2019-01-16 21:08:58 +0100,79,count/min
2019-01-16 21:15:52 +0100,75,count/min
2019-01-16 21:20:31 +0100,77,count/min
2019-01-16 21:22:06 +0100,75,count/min
2019-01-16 21:35:13 +0100,73,count/min
2019-01-16 21:40:39 +0100,67,count/min
2019-01-16 21:43:51 +0100,76,count/min
2019-01-16 21:49:56 +0100,70,count/min
2019-01-16 21:52:47 +0100,75,count/min
2019-01-16 22:01:08 +0100,72,count/min
2019-01-16 22:04:43 +0100,67,count/min
2019-01-16 22:07:43 +0100,58,count/min
2019-01-16 22:15:24 +0100,65,count/min
2019-01-16 22:22:09 +0100,71,count/min
2019-01-16 22:28:17 +0100,60,count/min
2019-01-16 22:35:50 +0100,65,count/min
2019-01-16 22:40:11 +0100,60,count/min
2019-01-16 22:42:30 +0100,66,count/min
2019-01-16 22:54:34 +0100,71,count/min
2019-01-16 22:59:55 +0100,73,count/min
2019-01-16 23:13:52 +0100,77,count/min
2019-01-16 23:19:20 +0100,69,count/min
2019-01-16 23:25:42 +0100,75,count/min
2019-01-16 23:27:29 +0100,68,count/min
2019-01-16 23:34:43 +0100,63,count/min
2019-01-16 23:37:35 +0100,60,count/min
2019-01-16 23:44:45 +0100,89,count/min
2019-01-16 23:49:32 +0100,63,count/min
2019-01-16 23:55:10 +0100,60,count/min
2019-01-16 23:58:15 +0100,64,count/min
2019-01-17 00:05:30 +0100,60,count/min
2019-01-17 00:08:00 +0100,69,count/min
2019-01-17 00:14:32 +0100,64,count/min
2019-01-17 00:18:37 +0100,65,count/min
2019-01-17 00:23:46 +0100,65,count/min
2019-01-17 00:27:06 +0100,66,count/min
2019-01-17 00:32:06 +0100,67,count/min
2019-01-17 00:40:31 +0100,66,count/min
2019-01-17 00:42:36 +0100,64,count/min
2019-01-17 00:51:26 +0100,60.2353,count/min
2019-01-17 00:48:06 +0100,60,count/min
2019-01-17 00:53:33 +0100,60,count/min
2019-01-17 00:57:13 +0100,60,count/min
2019-01-17 01:01:48 +0100,59,count/min
2019-01-17 01:06:58 +0100,59,count/min
2019-01-17 01:11:38 +0100,59,count/min
2019-01-17 01:16:53 +0100,61,count/min
2019-01-17 01:21:53 +0100,61,count/min
2019-01-17 01:26:38 +0100,62,count/min
2019-01-17 01:32:03 +0100,63,count/min
2019-01-17 01:36:50 +0100,62,count/min
2019-01-17 01:41:43 +0100,62,count/min
2019-01-17 01:46:43 +0100,62,count/min
2019-01-17 01:51:53 +0100,63,count/min
2019-01-17 01:58:23 +0100,63,count/min
2019-01-17 02:02:58 +0100,60,count/min
2019-01-17 02:06:59 +0100,61,count/min
2019-01-17 02:13:13 +0100,60,count/min
2019-01-17 02:16:38 +0100,61,count/min
2019-01-17 02:21:38 +0100,61,count/min
2019-01-17 02:26:48 +0100,60,count/min
2019-01-17 02:31:43 +0100,60,count/min
2019-01-17 02:37:28 +0100,59,count/min
2019-01-17 02:42:51 +0100,58,count/min
2019-01-17 02:47:08 +0100,58,count/min
2019-01-17 02:51:38 +0100,58,count/min
2019-01-17 02:57:03 +0100,58,count/min
2019-01-17 03:01:48 +0100,58,count/min
2019-01-17 03:06:53 +0100,58,count/min
2019-01-17 03:11:57 +0100,58,count/min
2019-01-17 03:17:18 +0100,57,count/min
2019-01-17 03:21:38 +0100,56,count/min
2019-01-17 03:26:38 +0100,57,count/min
2019-01-17 03:31:58 +0100,57,count/min
2019-01-17 03:38:28 +0100,58,count/min
2019-01-17 03:43:23 +0100,60,count/min
2019-01-17 03:46:55 +0100,59,count/min
2019-01-17 03:52:08 +0100,59,count/min
2019-01-17 03:57:13 +0100,57,count/min
2019-01-17 04:01:38 +0100,57,count/min
2019-01-17 04:06:38 +0100,59,count/min
2019-01-17 04:11:38 +0100,59,count/min
2019-01-17 04:16:38 +0100,60,count/min
2019-01-17 04:21:38 +0100,60,count/min
2019-01-17 04:26:53 +0100,59,count/min
2019-01-17 04:32:03 +0100,58,count/min
2019-01-17 04:37:18 +0100,56,count/min
2019-01-17 04:41:38 +0100,56,count/min
2019-01-17 04:46:43 +0100,57,count/min
2019-01-17 04:52:20 +0100,58,count/min
2019-01-17 04:58:00 +0100,55,count/min
2019-01-17 05:01:55 +0100,54,count/min
2019-01-17 05:06:56 +0100,52,count/min
2019-01-17 05:11:41 +0100,51,count/min
2019-01-17 05:18:16 +0100,53,count/min
2019-01-17 05:22:16 +0100,55,count/min
2019-01-17 05:28:01 +0100,53,count/min
2019-01-17 05:31:56 +0100,52,count/min
2019-01-17 05:36:46 +0100,53,count/min
2019-01-17 05:42:21 +0100,60,count/min
2019-01-17 05:58:12 +0100,86,count/min
2019-01-17 05:48:26 +0100,72,count/min
2019-01-17 08:09:15 +0100,68,count/min
2019-01-17 08:15:01 +0100,66,count/min
2019-01-17 08:19:23 +0100,85,count/min
2019-01-17 08:22:12 +0100,64,count/min
2019-01-17 08:30:23 +0100,71,count/min
2019-01-17 08:34:11 +0100,82,count/min
2019-01-17 08:37:16 +0100,68,count/min
2019-01-17 08:45:53 +0100,65,count/min
2019-01-17 08:47:06 +0100,63,count/min
2019-01-17 08:53:01 +0100,69,count/min
2019-01-17 08:58:45 +0100,77,count/min
2019-01-17 09:03:38 +0100,71,count/min
2019-01-17 09:07:34 +0100,69,count/min
2019-01-17 09:14:27 +0100,59,count/min
2019-01-17 09:17:18 +0100,65,count/min
2019-01-17 09:24:57 +0100,64,count/min
2019-01-17 09:29:51 +0100,65,count/min
2019-01-17 09:33:47 +0100,67,count/min
2019-01-17 09:40:20 +0100,64,count/min
2019-01-17 09:44:41 +0100,69,count/min
2019-01-17 09:49:51 +0100,69,count/min
2019-01-17 09:54:11 +0100,70,count/min
2019-01-17 09:59:53 +0100,67,count/min
2019-01-17 10:03:08 +0100,68,count/min
2019-01-17 10:10:39 +0100,69,count/min
2019-01-17 10:14:00 +0100,68,count/min
2019-01-17 10:21:14 +0100,60,count/min
2019-01-17 10:24:01 +0100,62,count/min
2019-01-17 10:29:56 +0100,58,count/min
2019-01-17 10:35:39 +0100,58,count/min
2019-01-17 10:40:36 +0100,55,count/min
2019-01-17 10:43:55 +0100,58,count/min
2019-01-17 10:47:27 +0100,58,count/min
2019-01-17 10:52:52 +0100,60,count/min
2019-01-17 10:58:20 +0100,61,count/min
